rank,team,conf,record,adjoe,oe Rank,adjde,de Rank,barthag,rank,proj. W,Proj. L,Pro Con W,Pro Con L,Con Rec.,sos,ncsos,consos,Proj. SOS,Proj. Noncon SOS,Proj. Con SOS,elite SOS,elite noncon SOS,Opp OE,Opp DE,Opp Proj. OE,Opp Proj DE,Con Adj OE,Con Adj DE,Qual O,Qual D,Qual Barthag,Qual Games,FUN,ConPF,ConPA,ConPoss,ConOE,ConDE,ConSOSRemain,Conf Win%,WAB,WAB Rk,"Fun Rk, adjt"
1,Houston,B12,30-4,124.7762703128862,9,88.10453371553403,1,0.982048737481887,1,30.98881335884033,4.0111866411596715,19,1,19-1,0.7608084206581069,0.5586568400081015,0.8548737001355168,0.7499938435369892,0.5586568400081015,0.8548737001355168,0.625962691648845,0.7726462965495604,113.79343198844423,99.63356959740456,113.440779905409,99.80897868403807,125.72441002214616,88.58983221881162,139.9243039469016,97.22140242599694,0.9850395715871505,16,0.009455693659993769,1442.0,1194.0,1251.45,1.1522633744855966,0.9540932518278796,0,0.95,11.516860713936824,2,150,61.49432352782265
2,Duke,ACC,31-3,128.56027270379943,2,91.27001125898447,4,0.9809156732501377,2,31,3,19,1,19-1,0.693002649609245,0.644306184257784,0.6989744935724906,0.693002649609245,0.644306184257784,0.6989744935724906,0.6921345870901013,0.6701448257889763,112.31339382024902,102.10205155021337,112.31339382024902,102.10205155021337,130.74399925253783,93.34313088714943,135.28178564425897,94.97960230038994,0.9831684291009848,12,0.01225505085379408,1688.0,1254.0,1315.7250000000001,1.2829428642003458,0.953086701248361,0,0.95,9.689200400614423,5,140,65.77371033930152
3,Auburn,SEC,28-5,129.17713069167752,1,93.74719169480673,12,0.9755579101851016,3,28.99090039950579,5.00909960049421,15,3,15-3,0.8050457674219432,0.6642031566493393,0.8930741559954198,0.7892567266591048,0.6642031566493393,0.8930741559954198,0.5560251148774872,0.6499597504993796,116.59011310914921,98.96757371924575,116.11881011117211,99.28432908192792,128.64307893535818,94.41033865390534,135.7232224165441,96.86653249043262,0.9797424360133452,22,0.05506319941002602,1492.0,1327.0,1262.35,1.181922604665901,1.0512140056244308,0,0.8333333333333334,12.539199830724142,1,53,67.83998976729767
4,Florida,SEC,30-4,127.81593879647113,3,94.08749759555926,13,0.9713409948187867,4,30.978485001065316,4.021514998934683,14,4,14-4,0.7300257413179083,0.4721130760479163,0.8794660484550776,0.7213682575244553,0.4721130760479163,0.8794660484550776,0.6305163943104505,0.8591952500820329,113.89701794194883,100.96588609467643,113.68108268524574,101.19809931923756,127.15647829086333,94.17586936344485,135.8327290547659,97.3070331828824,0.9788731773140288,16,0.06757480210528743,1483.0,1289.0,1253.575,1.1830165726023572,1.0282591787487785,0,0.7777777777777778,11.18937458228502,3,43,69.5845862283621
5,Alabama,SEC,25-8,127.73139647591462,4,96.42355140202355,28,0.962077842782141,5,25.9581608347096,8.041839165290401,13,5,13-5,0.8289382153731781,0.7251826756272296,0.8902666176503007,0.820015677389626,0.7251826756272296,0.8902666176503007,0.5448842157420489,0.6590115923512369,117.9954577461658,99.20911273519746,117.64301750807465,99.38157759034584,130.43514342501624,97.37090200188938,133.4857275805119,99.83646953508648,0.9657858138888633,22,0.04040150733539316,1657.0,1509.0,1384.85,1.1965194786438966,1.089648698414991,0,0.7222222222222222,9.856464910750285,4,82,74.7018340223855
6,Tennessee,SEC,27-7,119.422783080628,20,91.20831243105269,3,0.9568731687726048,6,27.947988616160355,7.052011383839645,12,6,12-6,0.7489726301220818,0.5108569435788226,0.8903070007994918,0.7432592292192085,0.5108569435788226,0.8903070007994918,0.5959755708166564,0.8000624130866096,116.170313764026,101.32483649053576,116.039504416714,101.56412767578462,117.3543390443753,91.48316594694451,126.06465579083643,94.75185163105,0.9638631289951269,20,0.06450828323036661,1270.0,1189.0,1167.6375,1.08766633479997,1.0182954898245389,0,0.6666666666666666,9.298597575105752,6,46,63.89406904751945
7,Texas Tech,B12,25-8,126.04493849172505,6,96.85637303501468,32,0.9538762979008538,7,25.920543665551495,8.079456334448505,15,5,15-5,0.7152639518635199,0.44309517690971184,0.8440782051801259,0.7130779794877429,0.44309517690971184,0.8440782051801259,0.6547826147086568,0.8786817358695863,112.0618528557343,100.45517498426901,112.07137526364312,100.64364460894483,126.06928643942038,96.03337333173707,132.98724973437677,101.2117871979373,0.9585103902849376,14,-0.014082930586600928,1565.0,1374.0,1343.6875,1.1647053351318666,1.022559188799479,0,0.75,5.776921410562999,11,215,65.62206902823887
8,Iowa St.,B12,24-9,118.96639615677569,21,92.48779962836579,8,0.9476131018108179,8,24.897492489303247,9.102507510696755,13,7,13-7,0.7328877793182724,0.49953902113134957,0.8447576280093066,0.7311511863039291,0.49953902113134957,0.8447576280093066,0.6396037235210754,0.7961249848538695,113.05032045124238,101.16943229218934,112.98599642159738,101.25516157657857,115.79200360890745,90.54333584168754,131.56492203367958,99.57405402953539,0.960980262109889,14,-0.016653075577928056,1511.0,1373.0,1411.9249999999997,1.0701701577633376,0.9724312552012325,0,0.65,5.40575464785151,14,222,68.6095902452048
9,Arizona,B12,22-12,123.96336624056266,10,96.59303116064811,30,0.946293266663664,9,22.893165675480304,12.106834324519694,14,6,14-6,0.7766639338352634,0.5752280732812546,0.8608259790249398,0.7738507367374984,0.5752280732812546,0.8608259790249398,0.5663105086126219,0.7094806678142437,114.96825626637151,99.14318726481228,114.93950507057879,99.36219404824647,125.13475845765285,97.54815344853577,124.43738352915175,98.09487147767533,0.9390878820723622,21,-0.027840778506716624,1600.0,1490.0,1400.3374999999999,1.1425816990546922,1.0640292072446822,0,0.7,5.397012994946542,15,248,69.93135227842204
10,Maryland,B10,25-8,117.89595748594168,28,92.12972288493248,6,0.9445881947034639,10,25.863489970544663,8.136510029455337,14,6,14-6,0.674011320120427,0.33874326506807156,0.8343718201745525,0.6756391893134913,0.33874326506807156,0.8343718201745525,0.6903740564314094,0.9062196910182858,111.89937664159791,103.28471657078137,111.80182442605728,103.17676073613937,117.35254753545405,92.57941086264681,128.2930019677284,99.26409023715914,0.9502695266781818,13,-0.02768826448831918,1554.0,1413.0,1414.5125000000003,1.098611712515796,0.9989307270172584,0,0.7,4.567596843754011,22,245,69.91289682338613
11,Gonzaga,WCC,25-8,123.36252850902956,12,96.48819621513186,29,0.9440450684798573,11,25.652974361025088,8.347025638974912,14,4,14-4,0.6409887150671786,0.6583856247510879,0.6037884810625412,0.6485967886584736,0.6583856247510879,0.6037884810625412,0.7330472425744117,0.7169263931874247,110.65590507164093,103.57428699561488,110.81488426688115,103.34878010006491,124.81239886113642,99.27392399506374,132.52244153569399,102.94937732126535,0.9480397823266951,11,-0.06845491970509088,1583.0,1273.0,1271.9875000000004,1.2445090851914815,1.0007959983883485,0,0.7777777777777778,2.733001022976904,32,324,70.21284679804778
12,Wisconsin,B10,26-9,122.4719613081648,13,96.25688014854691,27,0.9410279441898246,12,26.921816436580098,9.078183563419904,13,7,13-7,0.732593227005251,0.5004415128186632,0.8265680427717335,0.7282179560868653,0.5004415128186632,0.8265680427717335,0.6519755868306079,0.80771651609538,113.20471627137385,101.40845124664938,113.17241379892239,101.62299155099727,123.30593638402732,95.49815542955643,134.19672143139445,103.73412423989403,0.950779415061304,14,0.002708566611585028,1589.0,1430.0,1376.075,1.1547335719346692,1.03918754428356,0,0.65,5.951513662168409,10,169,67.54290982040895
13,Michigan St.,B10,27-6,116.92252481565441,35,91.95001181815329,5,0.9406469420155407,13,27.938154053835056,6.061845946164942,17,3,17-3,0.7334285285047006,0.514782980341816,0.836294640905374,0.726884965995341,0.514782980341816,0.836294640905374,0.6603822907946818,0.822020604077142,113.48460903903678,101.49566020099998,113.25974018838099,101.61157481466695,119.52610464475438,90.41144564989114,119.75164404324654,91.50558897302244,0.9566333300514107,15,0.07061872954974846,1544.0,1330.0,1369.0750000000003,1.1277687489728465,0.9714588316929311,0,0.85,7.886326756358629,7,40,67.92991811438817
14,BYU,B12,24-9,125.48850693719255,7,99.24622728234779,53,0.936909595247015,14,24.63255507728381,9.367444922716189,14,6,14-6,0.7004289694003819,0.3803689254474574,0.8500217985497237,0.7061845504284232,0.3803689254474574,0.8500217985497237,0.6458168609464016,0.8918596759380427,111.52370117258195,101.16619060263315,111.65790038079744,101.0216261654296,126.6819449003051,98.37195680826939,133.27030667802663,106.95952050054562,0.9261625336794607,13,0.0012797350197846225,1580.0,1461.0,1375.4249999999997,1.1487358452841852,1.0622171328861991,0,0.7,4.757452643522152,21,173,67.26948345741384
15,St. John's,BE,30-4,112.65928669276214,72,89.27785836926735,2,0.9355393230599597,15,30.908361557531855,4.091638442468146,18,2,18-2,0.684991447000649,0.5295696881581358,0.7465813416737669,0.6823968588904071,0.5295696881581358,0.7465813416737669,0.7264588562962868,0.827469952995603,111.505859620434,102.510446878635,111.52607364870016,102.68311914465791,110.42967796677874,88.08736686629094,121.56709113486346,96.17066324063603,0.9367269518284802,12,0.08735919716346785,1496.0,1297.0,1406.9,1.0633307271305708,0.9218849953799132,0,0.9,7.833228331767549,8,22,70.16668303185168
16,Missouri,SEC,22-11,127.10919611200964,5,100.94088506167768,76,0.9340653324359888,16,22.75253384524487,11.247466154755132,10,8,10-8,0.6844678136626403,0.38096434527431555,0.8763922613158606,0.688550439731893,0.38096434527431555,0.8763922613158606,0.6368887504053762,0.8648188932625587,112.27126281899878,102.08839151745929,112.28238350158117,101.98407524077038,129.59407116510621,99.33098917021067,133.7046804535384,106.51411178563632,0.931794945893187,18,-0.03765882050196079,1486.0,1390.0,1254.7625000000003,1.1842878632410514,1.1077793606359767,0,0.5555555555555556,3.0891780164128404,29,272,68.18238505924667
17,Kentucky,SEC,22-11,123.90768282030766,11,98.75645951397104,48,0.9314462116351129,17,22.86987937869651,11.130120621303488,10,8,10-8,0.7654780872080301,0.5690592353733757,0.8914955870951329,0.7626766832802215,0.5690592353733757,0.8914955870951329,0.5724262088685982,0.7352168020207243,116.05273753158949,100.05478882781713,115.78385270425031,100.06836755189575,127.07334651068352,100.52505710836438,137.91037903281082,111.78188252045216,0.9180112307333463,21,0.032174326931873165,1503.0,1460.0,1294.9875,1.1606289636000349,1.1274240098842654,0,0.5555555555555556,5.593350737652764,13,103,70.93898368480033
18,Louisville,ACC,27-7,118.44614085292748,24,94.75318493112997,15,0.9286810485128079,18,27.63234906330626,7.367650936693739,18,2,18-2,0.701378625577205,0.6245207012971534,0.7149945005446853,0.7065770779457626,0.6245207012971534,0.7149945005446853,0.69476891826129,0.7213458842703738,112.36195061836038,102.1709977397335,112.5052821639712,102.06420455340165,121.53704663496735,92.99451345867767,143.05003470214837,117.08813762113714,0.9091314904122029,11,0.037683006368681715,1600.0,1344.0,1372.95,1.1653738300739285,0.9789140172620998,0,0.9,5.62704537575591,12,86,68.8771514664949
19,Purdue,B10,22-11,125.11433909160036,8,100.17930014884274,67,0.9279798564470613,19,22.82834695901544,11.171653040984559,13,7,13-7,0.7846651298050507,0.6702146749337013,0.8401573982436228,0.7829845716580912,0.6702146749337013,0.8401573982436228,0.621152593228385,0.6707632007178345,114.84954757589279,100.18178716760885,114.93699812695064,100.41698170004578,126.80652687606224,98.54294994818933,141.3689972761294,115.46510122884135,0.911141998583467,15,-0.01606147101365296,1578.0,1423.0,1336.6875,1.1805302286435686,1.064571936222939,0,0.65,4.275279881058662,23,220,65.11252264953133
20,Clemson,ACC,27-6,118.41145212205984,26,94.9038720881851,16,0.9272342433869722,20,27.764030476666395,6.235969523333605,18,2,18-2,0.6668838387370503,0.5681164836492726,0.6987917293817169,0.6707222304826296,0.5681164836492726,0.6987917293817169,0.7352594515998566,0.7875001066764262,111.07715787617973,103.03672626407005,111.14960240956196,102.97059618293278,121.23961729584758,95.44737503849197,123.82537459240207,97.54815338012939,0.9395196899106261,8,0.031002335904716127,1514.0,1290.0,1299.4625,1.165097107457891,0.9927181430783881,0,0.9,4.924753984248239,18,106,64.33154499867057
21,Kansas,B12,21-12,116.16991599493609,43,93.1807478822779,10,0.9266203284177263,21,21.670199063448923,12.329800936551077,11,9,11-9,0.7838237885022699,0.6481102064104166,0.8508130780049203,0.7861048959077136,0.6481102064104166,0.8508130780049203,0.5833825142268937,0.6779054401486214,115.08609217172891,99.19907380392806,114.99530248838253,99.09171795624815,115.61715021465136,92.46714589707669,122.49356847915617,101.01408040685497,0.9017820619305761,17,-0.004800382257468705,1469.0,1378.0,1383.05,1.062145258667438,0.9963486497234374,0,0.55,4.129827663596997,25,192,68.36521243269205
22,Texas A&M,SEC,22-10,115.7435874005485,49,93.21423497697302,11,0.9234012934136266,22,22.804371570224582,10.195628429775418,11,7,11-7,0.7744885415933674,0.6301356541164704,0.8744647549579612,0.7736151891919673,0.6301356541164704,0.8744647549579612,0.6060626095609585,0.7323277489852704,114.93035167092627,99.90329769876769,114.90249952685063,100.02231430355106,116.39755366765829,93.98509094325124,128.05922849314425,103.6703242898224,0.9190631192645147,16,0.033246250443820236,1299.0,1266.0,1211.6875,1.0720585959663693,1.0448238510341983,0,0.6111111111111112,5.193834874728449,17,97,66.15235224646916
23,Illinois,B10,21-12,122.30568828877855,15,98.64731777354974,45,0.9221686531854913,23,21,12,12,8,12-8,0.7464427039745137,0.5333967322117629,0.8516953710788497,0.7464427039745137,0.5333967322117629,0.8516953710788497,0.6082506944389517,0.6985263494056176,113.71427261147599,100.44320281562075,113.71427261147599,100.44320281562075,123.26211803455337,96.98982153098504,136.9874109810614,110.2400984564766,0.9240103272229936,17,-0.020575640105761295,1643.0,1533.0,1452.6625,1.1310266493421564,1.0553036235188835,0,0.6,3.3753660521990376,27,231,71.40213144871421
24,Saint Mary's,WCC,28-5,115.0329477984395,55,92.88857593324832,9,0.9212103034042548,24,28.652598490096143,5.347401509903856,17,1,17-1,0.5990537655436473,0.5771465240434988,0.6058995372385891,0.6067749495615352,0.5771465240434988,0.6058995372385891,0.7745541790765541,0.8187053855213754,111.15374827017584,105.065311955658,111.38396212792195,104.9510498725321,117.56878440067685,91.56467628719504,113.98480558320945,86.41124436025635,0.960261855358294,5,0.03525117871397487,1322.0,1045.0,1121.1875000000002,1.1791069736328668,0.9320474942861919,0,0.9444444444444444,4.187461077803137,24,91,61.84144937059145
25,UCLA,B10,22-10,117.91435382207828,27,95.36486703675325,19,0.9198901550084638,25,22.676682375154225,10.323317624845775,13,7,13-7,0.6930861641543378,0.42922879046608037,0.8258106306810651,0.697714868801797,0.42922879046608037,0.8258106306810651,0.6534400803711999,0.7895789255036315,112.44243965910455,102.2986642241853,112.74341758629905,102.39679891696511,119.77211097605202,96.37561072463295,136.37338702108292,115.26682857322926,0.8736572478100496,15,-0.00700337128385653,1458.0,1383.0,1309.2624999999998,1.113604032804728,1.056319874738641,0,0.65,3.2780569861661477,28,197,65.09660373680285
26,Michigan,B10,25-9,115.17353273607432,52,94.5200449038741,14,0.9065925915467173,26,25.627860480518354,9.372139519481646,14,6,14-6,0.7704863167942112,0.5917265169129334,0.8436973544809652,0.7728127534268621,0.5917265169129334,0.8436973544809652,0.6278420079467196,0.8132848521941419,113.95929400223434,99.93550938388007,113.93915818064528,99.85935677307428,113.42499452386058,96.71265119359673,120.47049278426846,98.33052570638056,0.9117593906400305,17,0.09315767333959946,1495.0,1502.0,1414.3125000000002,1.0570506871713286,1.0620000883821643,0,0.7,6.250841139795728,9,18,69.49179935053357
27,Baylor,B12,19-14,120.58906133009846,17,99.441185716853,56,0.9018060952159002,27,19.535427712070703,14.464572287929297,10,10,10-10,0.7534571333463254,0.5502873923100459,0.8517081544726741,0.7574289724772015,0.5502873923100459,0.8517081544726741,0.5830862856618948,0.7012627814689831,113.75392873217228,98.1482013104773,113.89570196443076,98.1702478369294,118.15286107531404,97.73762326203118,122.13677696353325,107.1549257093482,0.818312669626726,16,-0.012250770891124807,1423.0,1384.0,1322.2625,1.076185704427071,1.046690804586835,0,0.5,1.956044577907026,39,207,64.68792277757267
28,Georgia,SEC,20-12,116.06119770972245,46,95.90705254699188,23,0.8996632171696184,28,20.347025638974912,12.652974361025088,8,10,8-10,0.6997229365878131,0.4290740788276436,0.8866201410297251,0.7071266375543819,0.4290740788276436,0.8866201410297251,0.6152493480777613,0.8514425108067614,113.0205971477318,101.04637750075614,113.33398900717924,100.90825079511951,115.3875654381757,94.12949237982687,117.93004149494027,98.81963859396068,0.8842334116281849,16,0.0019870564058587226,1269.0,1303.0,1216.8625,1.0428458433060432,1.0707865514797277,0,0.4444444444444444,2.046430780678664,37,170,66.46340386558857
29,Mississippi,SEC,22-11,117.48840273423215,31,97.08660016215454,33,0.8996613117890513,29,22.513868748090573,11.486131251909429,10,8,10-8,0.7372194910632451,0.5064815063880458,0.8837246817538708,0.7418465646206405,0.5064815063880458,0.8837246817538708,0.585397617983035,0.7638041603030497,114.38109102465958,100.02078419340879,114.54990990541494,100.01258772360129,117.96225163651992,97.44829625663935,129.09264092262256,103.50324351191045,0.926943834688528,20,0.07977539861644578,1356.0,1373.0,1259.1625000000001,1.0769062769896656,1.0904073143855537,0,0.5555555555555556,4.834233471159276,20,27,68.04723775710423
30,Marquette,BE,23-10,116.73040964540456,39,96.67643159560541,31,0.8973131231287839,30,23.586623447767266,10.413376552232736,13,7,13-7,0.716567336121852,0.6202274911106846,0.7504957026346928,0.7207944579311226,0.6202274911106846,0.7504957026346928,0.65791698993441,0.6729513164455819,112.2056354150556,101.14999646692107,112.18694337692489,100.97671252700093,115.85437146582929,96.47139245519236,134.5356385110174,112.25899156005788,0.8891152842268856,15,0.04219405925151287,1488.0,1361.0,1347.325,1.104410591356948,1.0101497411537677,0,0.65,3.6027999621244713,26,78,67.78620184030387
31,VCU,A10,28-6,116.08647425224902,44,96.2509997373557,26,0.8961187243608952,31,28.36744492271619,6.632555077283811,15,3,15-3,0.5160281561524551,0.39425716819525913,0.5730943415046023,0.5280533401266799,0.39425716819525913,0.5730943415046023,0.8330621608085785,0.879137015629435,106.49762569056111,105.28306973285297,107.05618102135232,105.1055155431243,119.46356918442373,98.59145875399696,143.50030203452812,123.63073212167393,0.8473462105530285,2,-0.018123685953363,1407.0,1147.0,1182.0,1.1903553299492386,0.9703891708967851,0,0.8333333333333334,0.9507566661379232,45,228,66.17895294444445
32,North Carolina,ACC,23-13,120.12093297040056,18,99.74210421991992,63,0.8945399920155895,32,23.486131251909427,13.513868748090571,13,7,13-7,0.7126904860165796,0.6716351970719434,0.7177174469523455,0.7177437515780646,0.6716351970719434,0.7177174469523455,0.645336695249144,0.6161013744204511,113.17965586524207,100.83074975143036,113.29610848332636,100.72955651928439,118.30487321422396,100.16339546167703,135.98857542797785,118.70825737088498,0.826765245980374,11,-0.0015204523418875793,1556.0,1468.0,1382.8,1.1252531096326295,1.061614116285797,0,0.65,1.4929277036416575,41,181,70.64029374311036
33,Mississippi St.,SEC,21-12,118.43244539656874,25,98.87573668352638,49,0.8884996637933347,33,21.464572287929297,12.535427712070703,8,10,8-10,0.7390696064285888,0.522982161850982,0.8849061120662659,0.7438559737460033,0.522982161850982,0.8849061120662659,0.613654244632666,0.8172583273709523,114.32540802247094,101.17969341227906,114.5096331197623,101.12856083299485,118.59909108224052,99.0879509717534,123.89822291428706,103.95314846063812,0.8827239173007145,17,0.04015874989874213,1377.0,1416.0,1271.55,1.0829302819393654,1.113601509968149,0,0.4444444444444444,2.989104408864219,31,83,68.03350345750945
34,Creighton,BE,24-10,117.37855471493484,32,98.43323621801017,43,0.8833244584800118,34,24.36765093669374,10.632349063306261,15,5,15-5,0.7097033046998433,0.6034448724806591,0.7519201061277904,0.7159598116659237,0.6034448724806591,0.7519201061277904,0.6791433396188333,0.7476046499626693,111.50425974689118,100.85840763244171,111.70259920706309,100.6839726981186,117.97092855210646,98.42762514369123,123.5573385355877,101.0568807014561,0.909845557070295,13,0.047893527751066145,1481.0,1375.0,1328.3374999999999,1.1149274939539087,1.035128497087525,0,0.75,3.0392491429052164,30,65,67.20454700486013
35,West Virginia,B12,19-13,110.12142097096302,105,92.4061412689453,7,0.8825690628304549,35,19,13,10,10,10-10,0.7357485027942794,0.5213399203090853,0.8533814384178633,0.7357485027942794,0.5213399203090853,0.8533814384178633,0.6158624610036504,0.7638918265800718,113.05628751131802,99.80602252999562,113.05628751131802,99.80602252999562,110.10453134952107,92.25261612708316,126.80833694904733,107.05672077683562,0.8751363029357926,14,0.007710046240297919,1269.0,1305.0,1283.6624999999997,0.9885776050947973,1.0166223598492596,0,0.5,1.4742685386733405,42,154,64.24888035721825
36,Connecticut,BE,23-10,121.63972548851277,16,102.14194734268584,93,0.8817441435681964,36,23.560368904989453,10.439631095010549,14,6,14-6,0.6775488133946495,0.5084264218426909,0.7520807649954945,0.6827388014570303,0.5084264218426909,0.7520807649954945,0.6980754841126223,0.7811384093938755,111.04188778254961,102.70552623018578,111.23839266115594,102.65422036075738,121.71795084556312,102.20452466800577,128.80389325124244,105.58311063239246,0.9077205521038668,12,0.02787157505522131,1500.0,1404.0,1307.7625000000003,1.146997256764894,1.0735894323319408,0,0.7,2.202521290803221,35,111,63.85197796209553
37,Xavier,BE,21-11,116.33438634246457,42,97.92729256319093,38,0.8787663140574443,37,21.558321070118623,11.441678929881375,13,7,13-7,0.6669255781708147,0.49060347229917606,0.7523833591525457,0.6725188708998913,0.49060347229917606,0.7523833591525457,0.7102257345229633,0.8152946611648354,110.2549304010437,102.07936538689235,110.4520326226171,102.02570005380957,116.88780203316014,97.12168957686511,129.82652052567965,110.12209671677658,0.8690981075642947,12,-0.021842079450061114,1534.0,1444.0,1396.0375,1.0988243510650682,1.0343561687991907,0,0.65,0.35061698411368464,49,235,69.08490371965104
38,Oregon,B10,24-9,115.1679761911638,53,97.34717100125718,37,0.8736078945929857,38,24.574183332841223,9.425816667158779,12,8,12-8,0.751117405193705,0.5796565344827793,0.8319279312844401,0.7536362527865935,0.5796565344827793,0.8319279312844401,0.6422581856967171,0.7704365618322513,113.83346667399063,100.91241770277732,113.81269155285541,100.83088686179636,115.29090572830982,100.09378077406828,130.99019606638916,112.76541473370088,0.8484952045672735,13,0.132871095649015,1484.0,1488.0,1374.8250000000005,1.0794101067408575,1.0823195679450108,0,0.6,5.283950259861869,16,6,67.72478099318221
39,Colorado St.,MWC,25-9,116.65732248597206,40,98.89504259425561,50,0.86984500866687,39,25.616436270945705,9.383563729054293,16,4,16-4,0.6134400832952348,0.5521598528399082,0.6197601175158323,0.618945878820741,0.5521598528399082,0.6197601175158323,0.7766621330979087,0.8148609591719083,108.98959508605974,103.60293945786563,109.06873919946158,103.46381536698146,119.35598138298505,100.12013874560951,120.34201181932512,110.62817026187975,0.7246956993773668,7,0.0005000788864782946,1525.0,1318.0,1308.5125,1.1654454963173833,1.0072505994402041,0,0.8,0.6311861521847801,48,176,66.08333022077323
40,Ohio St.,B10,17-15,116.90987377642858,36,99.68349663994923,61,0.8621349786354662,40,17,15,9,11,9-11,0.7388260821968556,0.5503814967785042,0.8400744302593213,0.7388260821968556,0.5503814967785042,0.8400744302593213,0.6315031238814967,0.7390977450135217,113.92729250164024,101.0086048942005,113.92729250164024,101.0086048942005,116.28522373969767,99.90986271677521,124.44945197546093,107.8608196827511,0.838236686311181,14,-0.03811885363425194,1515.0,1517.0,1395.9374999999995,1.0852921423774349,1.0867248712782631,0,0.45,-0.9605785865073437,59,276,67.06916529114497
41,Vanderbilt,SEC,20-12,118.75080557567924,22,101.29466321262046,83,0.8615740221488752,41,20.347401509903857,12.652598490096144,8,10,8-10,0.6874596477009064,0.3851161613339231,0.8967052439365369,0.6945430009042356,0.3851161613339231,0.8967052439365369,0.6345524633629362,0.9015424439739147,112.63631152942986,101.8617286961218,112.70893687092844,101.5898149760236,120.04006926386099,101.61824371037594,125.578364362384,106.48577631558906,0.8695020807800635,15,0.04084513367678977,1351.0,1455.0,1255.4375000000005,1.0761188828595605,1.158958530392791,0,0.4444444444444444,1.51640744308267,40,80,69.63513385297932
42,Arkansas,SEC,20-13,111.99924293784986,82,95.54897498290309,21,0.861381440284784,42,20.329800936551077,13.670199063448923,8,10,8-10,0.7111378109983683,0.45715854145185,0.881474096561744,0.7174755320990095,0.45715854145185,0.881474096561744,0.6283713777019433,0.8364201527719705,113.79491241272926,101.89707214928858,113.86476545927036,101.64070967084301,111.66677407538195,95.55897017227964,119.84956251206802,101.35518242052481,0.872969400795236,17,0.03207416852889322,1303.0,1346.0,1260.8250000000003,1.0334503202268355,1.0675549739258023,0,0.4444444444444444,1.2798335111836845,43,104,69.33304892018056
43,New Mexico,MWC,26-7,111.57010611815758,91,95.25834251004632,17,0.8602894776254806,43,26.413376552232734,7.5866234477672645,17,3,17-3,0.602848756505228,0.5570532663343007,0.6207281983284123,0.6115094731704925,0.5570532663343007,0.6207281983284123,0.7635380933508621,0.770331769990584,108.74757566270411,102.74358125474265,108.98947972277782,102.55972823477467,111.22083532483806,94.67323075194673,121.30997118016566,98.30278400452423,0.9182205535402357,7,0.07211619163912553,1588.0,1383.0,1451.0875,1.0943516500555617,0.9530782947272304,0,0.85,2.541313463676649,33,37,73.1426465564016
44,Cincinnati,B12,18-15,111.66076163649566,89,95.47188926994136,20,0.858305329616354,44,18.77587738666243,15.224122613337572,7,13,7-13,0.7130478458552657,0.4275268010623217,0.8583384505592834,0.710791531957511,0.4275268010623217,0.8583384505592834,0.6542209466079563,0.8572764649136132,112.07344877274475,100.91737515403901,111.99364798828171,101.0129555645953,109.97886465774441,96.23242640639243,115.23839847318932,104.27250062887568,0.7595011326700329,14,-0.03474134731351375,1311.0,1381.0,1309.5875,1.0010785839052372,1.0545305296515124,0,0.35,-1.0583576396518461,60,266,65.3092134958188
45,Santa Clara,WCC,21-12,116.56014358031058,41,99.74728552075203,64,0.8570898736979847,45,21,12,12,6,12-6,0.5879193041235603,0.5982712239183694,0.5996480731330399,0.5879193041235603,0.5982712239183694,0.5996480731330399,0.793988556401667,0.8260417339876758,109.62958050673458,105.12628153414188,109.62958050673458,105.12628153414188,117.78703849034717,99.52448530545927,122.23931463451099,106.26341505739869,0.8335066183853748,5,-0.10202925577127164,1493.0,1306.0,1277.2624999999998,1.1689061567218957,1.0224992904747459,0,0.6666666666666666,-3.422484952111978,81,351,68.92288104311959
46,Oklahoma,SEC,20-13,117.7230536550407,30,100.9611266697385,77,0.8540084075123996,46,20.439631095010547,13.560368904989451,6,12,6-12,0.7120327827893274,0.4384175479809786,0.8870302377493227,0.7170242934003199,0.4384175479809786,0.8870302377493227,0.6048975279209908,0.8178276556489379,113.51673300437908,101.20830154676341,113.75564454802311,101.2357617172387,116.66594642473105,101.04297113056538,130.35096972144294,109.97395519629968,0.8759745931170022,19,0.06772355413722786,1357.0,1432.0,1267.1625000000001,1.0708965898217473,1.130083947402168,0,0.3333333333333333,2.1329818273738783,36,42,68.4951419020567
47,SMU,ACC,23-10,116.95156913333506,34,100.34409708313555,69,0.8533697220335127,47,23.86156288359967,10.138437116400327,13,7,13-7,0.6289329338969667,0.4421693933647149,0.7156496964231718,0.6268387963953266,0.4421693933647149,0.7156496964231718,0.7728695640156831,0.8764096572080692,110.00738149780625,103.92637693762562,109.92672153895809,103.96157184764685,118.54282930236718,101.25412098540397,130.5903054755536,126.71311925667692,0.5857934740552281,6,-0.003961423981905798,1547.0,1445.0,1355.1375,1.1415815738255344,1.0663124590678068,0,0.65,-0.2664336736296964,56,189,68.90316377951305
48,UC San Diego,BW,30-4,113.25454024584855,67,97.27016800627221,36,0.8519115989182702,48,30.372139519481646,4.627860480518353,18,2,18-2,0.40748836848096964,0.37868023544105833,0.4026889902718679,0.42174848914002044,0.37868023544105833,0.4026889902718679,0.8798873869673807,0.8772592005253546,105.00625329608616,107.95401162644795,105.31435267305694,107.54692172576206,115.59704394160616,97.54675471365867,102.43128104542208,89.78065938026458,0.8199427290051357,2,0.032316422362118846,1606.0,1243.0,1339.175,1.1992458043198237,0.9281833964941102,0,0.9,0.9715286504312486,44,102,65.85562640688961
49,Texas,SEC,19-15,116.75930371285224,38,100.30840939525345,68,0.8515042382275809,49,19.441678929881377,15.558321070118625,6,12,6-12,0.7091677697977422,0.4045366683065431,0.895048833377601,0.7140134424907435,0.4045366683065431,0.895048833377601,0.6260840348446681,0.8780765616317248,112.488956835597,101.93692124156132,112.59882625007239,101.82236042218445,115.57931250492207,100.81906564682238,128.20908446564832,111.10869152293557,0.8383856157506421,19,0.009027257509914177,1324.0,1406.0,1256.4125000000001,1.0537940365922815,1.119059226169749,0,0.3333333333333333,0.07371823275520467,52,152,67.35308756812191
50,Utah St.,MWC,26-7,122.37471125597828,14,105.53710908640909,153,0.8458334175068509,50,26.323317624845775,7.676682375154226,15,5,15-5,0.5868785005912026,0.4874720378972288,0.6221894145366156,0.596672961015277,0.4874720378972288,0.6221894145366156,0.7749667997599912,0.8298005815226251,108.00866225805188,103.07003343807033,108.30883472969415,102.83654354712112,123.99275886682747,108.41620969519022,117.62920819401592,110.16756329297725,0.6799736994437136,6,0.07479521735756367,1573.0,1447.0,1320.875,1.1908772593924482,1.0954859468155578,0,0.75,2.042236437926001,38,31,67.690238107317
51,Boise St.,MWC,24-10,115.16044693952696,54,99.42039223389193,55,0.8442431831532432,51,24.764012823384785,10.235987176615213,14,6,14-6,0.6029493272898787,0.5011465900791578,0.6223499157413368,0.6036095432462426,0.5011465900791578,0.6223499157413368,0.7738753784978296,0.8177633145343465,108.65296791667518,102.8019581398146,108.62351619800484,102.80584235185097,117.06431501144202,100.72560082593142,120.77427678192275,110.3813473670694,0.7378444139478268,9,0.011726386250643372,1480.0,1325.0,1300.4250000000002,1.138089470749947,1.0188976680700539,0,0.7,-0.1260899797726045,55,143,65.3180357521601
52,Villanova,BE,19-14,118.68467146636081,23,102.64895429865595,97,0.8414804433760075,52,19.64909556197882,14.350904438021178,11,9,11-9,0.637359330190842,0.42255243361790223,0.7561573544374002,0.6404247674693391,0.42255243361790223,0.7561573544374002,0.7291261308721237,0.848786099889389,109.84281923646255,102.96313271961428,109.80522252869716,102.8481826978342,119.90250915139244,102.35235317227689,133.25938365781928,110.86178925748014,0.8924631630875052,11,-0.06913573565023357,1428.0,1369.0,1268.4375,1.1257945306725794,1.079280610987928,0,0.55,-2.909885970864005,75,325,63.165882864192156
53,Northwestern,B10,17-16,113.27670924871708,66,98.22895434368144,42,0.8374157601685964,53,17,16,7,13,7-13,0.7238344030629045,0.4747441605191659,0.8505373459142653,0.7238344030629045,0.4747441605191659,0.8505373459142653,0.6685162924865329,0.881217949337394,113.06047197706303,101.53279222815752,113.06047197706303,101.53279222815752,114.1607890163851,99.65149886811861,121.33254037350908,105.63952605494613,0.831006601868552,12,-0.05432766996577143,1434.0,1464.0,1347.5375000000001,1.064163334972125,1.0864261662476924,0,0.35,-2.670203906468771,74,305,64.99735474635335
54,Liberty,CUSA,28-6,113.12711255512195,68,98.14036910969591,40,0.8367582233438101,54,28.425816667158777,6.574183332841221,13,5,13-5,0.4755323131635631,0.3426976540422917,0.5516746933009853,0.48690590120451943,0.3426976540422917,0.5516746933009853,0.8652702016463989,0.89886295180018,105.24679060202905,105.36442824733709,105.55682765169453,105.11388895839164,110.59162160250733,96.42882470490538,0,0,0,0,0.016539387296907515,1304.0,1176.0,1213.9625,1.0741682712604383,0.9687284409526653,0,0.7222222222222222,-0.11980067228675084,54,135,65.43606034471378
55,Indiana,B10,19-13,112.51056986718903,75,97.93184717474581,39,0.8314469243745973,55,19,13,10,10,10-10,0.7416572880708318,0.5391114840908707,0.8464599499335004,0.7416572880708318,0.5391114840908707,0.8464599499335004,0.6570154153832243,0.82318845583659,113.86410032181026,101.34030638628717,113.86410032181026,101.34030638628717,113.77518592125291,99.20585380903196,118.31905672495816,106.83971757693611,0.7638011896387086,14,0.04456282862345751,1457.0,1476.0,1367.4,1.065525815416118,1.0794207985958753,0,0.5,0.31969757866041026,50,69,68.03072989286565
56,Drake,MVC,30-3,112.64936602662854,73,98.54163811018921,44,0.8232771000120955,56,30.24746615475513,3.752533845244868,17,3,17-3,0.4605248442168632,0.3818850550459886,0.4827904855008522,0.4744525056351266,0.3818850550459886,0.4827904855008522,0.8666258274853829,0.8743580472778424,106.96757354522487,107.26957451462432,107.59699925044154,107.07180296921528,113.88384952252468,100.45399817507466,122.8742343433027,94.5589591336263,0.9531260337234442,2,0.10194396597989908,1369.0,1208.0,1199.4249999999997,1.1413802447005859,1.0071492590199473,0,0.85,2.3464619952915973,34,15,58.66978636613869
57,Kansas St.,B12,16-17,109.72986602371743,111,96.01025874854797,24,0.8228846976544479,57,16,17,9,11,9-11,0.7340484972662193,0.489235562774857,0.8575422252481475,0.7340484972662193,0.489235562774857,0.8575422252481475,0.6346996547799306,0.8224031205223131,111.6710110364301,100.44593676083241,111.6710110364301,100.44593676083241,110.39088765354163,94.31914888577762,117.89594096806373,99.7401758175977,0.8724936142764194,13,-0.031385339335353146,1351.0,1380.0,1349.6125,1.001028072872769,1.022515722105419,0,0.45,-2.5229502548000027,71,256,67.09643052456235
58,USC,B10,16-17,116.84462982179782,37,102.89505520130345,103,0.8118473028702407,58,16.772062839216705,17.227937160783295,7,13,7-13,0.7159152939892692,0.4713922675331372,0.8367612939064026,0.7113360749386564,0.4713922675331372,0.8367612939064026,0.6774242368214832,0.8694858572424546,112.82226494847052,101.54320492293418,112.695003689293,101.68121477036024,118.81600371929953,103.36598693247326,126.1029077878032,116.78595106790334,0.7073790323506192,14,-0.06056065312489567,1521.0,1566.0,1385.3625,1.097907587364318,1.1303900603632624,0,0.35,-3.8529608336960535,86,316,68.24546141593974
59,San Diego St.,MWC,21-10,108.59208496474247,128,95.69919251842096,22,0.8105318358270374,59,21,10,14,6,14-6,0.64378952616755,0.6337618470569546,0.6257417756250059,0.64378952616755,0.6337618470569546,0.6257417756250059,0.7321032292716787,0.6950302377593961,110.8415236084214,102.3053433552951,110.8415236084214,102.3053433552951,107.8418012887746,94.53971460348303,134.56627127571758,120.14508381566928,0.7864406873939721,9,0.06677398041860871,1406.0,1277.0,1337.8000000000002,1.050979219614292,0.9545522499626251,0,0.7,0.7403634149932482,47,45,65.8705656495339
60,Memphis,Amer,29-5,111.75963905502846,87,98.73359627701946,46,0.8061429266846074,60,29.383563729054295,5.616436270945706,16,2,16-2,0.6296089573558088,0.7891226481862414,0.519923859469319,0.6364728445364641,0.7891226481862414,0.519923859469319,0.7642176225428462,0.6078894117380904,111.21274575670896,104.52623719689215,111.3683050918457,104.36534592251799,110.45507770250724,98.26453447919972,160.2951321806594,130.24661013066893,0.915849942928417,8,0.20525961099813306,1452.0,1279.0,1293.375,1.1226442447086111,0.9888856673431913,0,0.8888888888888888,4.913129375612589,19,1,70.7159158986443
61,San Francisco,WCC,24-9,111.0224068643774,96,98.18735995291082,41,0.8042115129018533,61,24.808603833257777,9.191396166742225,13,5,13-5,0.5609905369355834,0.4616311735846296,0.6063637698216203,0.5611763762419245,0.4616311735846296,0.6063637698216203,0.7841426656110544,0.8598874103561237,109.71376589333121,105.44295458229075,109.59230727016653,105.37634530013544,112.14535283331642,101.40978529193663,116.36422518221006,106.79752084893401,0.7284138490453619,7,0.05339948329753108,1359.0,1298.0,1233.1125000000002,1.1020892254356354,1.0526209084734766,0,0.7222222222222222,0.004892366598556519,53,55,67.77627754228583
62,McNeese St.,Slnd,27-6,113.54027201087851,64,100.78830350568899,74,0.7973891580765905,62,27.235969523333605,6.764030476666395,19,1,19-1,0.4172683672999926,0.546565063581578,0.345783770113314,0.43226736365548235,0.546565063581578,0.345783770113314,0.8652684826109596,0.7744059290083509,104.78001739524552,106.56732108076709,105.20599973045762,106.20283829974947,115.46161233781827,101.45039806834714,106.02990886901888,89.96152899013762,0.8687440754109738,2,0.02278264428830956,1572.0,1261.0,1323.5499999999997,1.1877148577688794,0.9527407351441202,0,0.95,-0.7810713344481616,58,123,65.32027977721415
63,Nebraska,B10,17-14,111.90697337647862,85,99.37119667978894,54,0.7967759992767397,63,17.51129834934247,14.488701650657527,7,13,7-13,0.7040447920907374,0.44626370636835966,0.8458243892380454,0.706710849184095,0.44626370636835966,0.8458243892380454,0.6645904190557261,0.8430166503159972,112.90924279598548,101.99715086433562,112.92079007816774,101.96553552128216,112.15625944124561,102.21889192227117,114.02181623728987,99.41811188817805,0.8286568904118197,13,0.024964854550220128,1464.0,1570.0,1400.1625,1.0455929222500961,1.1212984207190237,0,0.35,-1.4356779971153886,61,117,67.52218361774159
64,Penn St.,B10,16-15,113.6678201595444,63,101.00928699904094,79,0.7953987413654751,64,16,15,6,14,6-14,0.6494239739839458,0.3209487908728416,0.8300853246950531,0.6494239739839458,0.3209487908728416,0.8300853246950531,0.6984458662725787,0.9061880926537406,111.06057594481082,103.352399253298,111.06057594481082,103.352399253298,113.01019473891483,101.70507625217044,122.1288845836735,108.31318520788486,0.7990833770318394,10,-0.051566696973314285,1462.0,1549.0,1396.9875,1.0465376390268346,1.1088145026351346,0,0.3,-3.697453152086264,85,302,70.1865752314733
65,Arizona St.,B12,13-19,113.27875582549781,65,100.98545988692646,78,0.7893586190670775,65,13.488701650657527,19.51129834934247,4,16,4-16,0.7894684396238362,0.6473437713284367,0.8659661942844314,0.789689880825571,0.6473437713284367,0.8659661942844314,0.5817262914101252,0.6884326678862219,114.7320134405925,98.82703505520793,114.64640616592611,98.84352480140365,113.60713350308069,101.71520039328935,117.8867242646739,101.99637963442011,0.8409146245672472,18,-0.013349211964148566,1436.0,1591.0,1403.6625000000001,1.0230379453750456,1.1334633503424076,0,0.2,-3.0881086063530088,78,211,68.37143567279865
66,Iowa,B10,17-16,119.49007349794884,19,106.66750236911827,179,0.786749560546036,66,17,16,7,13,7-13,0.6974849668429174,0.3976726220121194,0.8429150715929732,0.6974849668429174,0.3976726220121194,0.8429150715929732,0.6588009121381807,0.8648893659442881,112.53783473161715,102.30757489671879,112.53783473161715,102.30757489671879,119.68081726690464,108.5052030650016,122.38940252648136,112.69929253676621,0.7208281834298985,15,0.006850899865014082,1548.0,1654.0,1396.9375,1.1081383383293812,1.1840186121426335,0,0.35,-2.4463945429777305,69,157,69.79907498725785
67,Utah,B12,16-16,112.60478011853144,74,100.57521879010045,73,0.7857087572205378,67,16.547106566891372,16.452893433108628,8,12,8-12,0.6881448957762661,0.37470634572759903,0.8562224469270566,0.6900852993347516,0.37470634572759903,0.8562224469270566,0.6620029214175795,0.8768775726897095,111.62150145368696,102.021944020705,111.75654908718295,102.12416796637953,111.9879337789228,100.75230139459427,119.66292385269178,113.20377901150097,0.6543298638587377,14,-0.014301179698265942,1383.0,1488.0,1359.5,1.0172857668260389,1.0945200441338727,0,0.4,-2.982844363915515,76,216,68.83283135976511
68,Rutgers,B10,15-17,115.8019683410377,48,103.90686428963086,119,0.7766840242067046,68,15,17,8,12,8-12,0.7142742077105592,0.45423014473090534,0.852419787591109,0.7142742077105592,0.45423014473090534,0.852419787591109,0.6541556310381605,0.8222703293627629,112.43843782714066,101.06584012901287,112.43843782714066,101.06584012901287,116.52415086941221,102.99968198863891,127.9673498471423,112.21961121444139,0.8190834271450551,15,-0.01846861541661743,1486.0,1575.0,1389.2499999999995,1.0696418931077922,1.1337052366384743,0,0.4,-3.6221494188120147,83,229,68.66531266268795
69,UCF,B12,17-16,115.4880811927948,51,103.74259225579064,114,0.7744179232869558,69,17.602289939654945,16.397710060345055,7,13,7-13,0.7314943611409989,0.49737877063818936,0.8477909177491292,0.7303886189658944,0.49737877063818936,0.8477909177491292,0.6483216745685252,0.8459807642420113,111.77633092117792,99.23195522090185,111.90215732078852,99.4922596888133,116.47317267320629,104.40368158958776,123.47047768627067,109.76085351083232,0.7947059146325939,13,0.033555888961014246,1547.0,1660.0,1471.6,1.051236749116608,1.1280239195433543,0,0.35,-1.98059619160193,68,95,71.79630383254727
70,Wake Forest,ACC,21-11,108.03564113223712,139,97.09449960491085,34,0.7734559384091338,70,21,11,13,7,13-7,0.6482165171176417,0.4859823689528474,0.7251291248634265,0.6482165171176417,0.4859823689528474,0.7251291248634265,0.6912638648393137,0.7335764259275467,111.07632742560352,102.8718385562812,111.07632742560352,102.8718385562812,110.92336794096579,98.08970046688131,113.20188620125082,100.74393926045477,0.7926204893872958,11,0.10857364838351025,1443.0,1404.0,1355.1125000000002,1.0648562388731562,1.036076340525233,0,0.65,0.7668178516459352,46,13,67.20892695988663
71,Stanford,ACC,21-13,112.82220158740407,69,101.61398206961064,88,0.7691056278224736,71,21,13,11,9,11-9,0.6227775380508084,0.45103010324449017,0.7091739011116567,0.6227775380508084,0.45103010324449017,0.7091739011116567,0.7457695634874209,0.8609472362779556,109.72363281044775,103.08438422095182,109.72363281044775,103.08438422095182,112.44471148348161,101.00430356232536,116.31471615110733,109.5285350718418,0.6662597242303031,8,0.016285572797779868,1410.0,1423.0,1322.25,1.0663641520136131,1.0761958782378522,0,0.55,-2.54910400706034,72,136,66.0294150465868
72,Pittsburgh,ACC,17-15,114.033968752715,60,102.74541471930254,98,0.7683085197216982,72,17,15,8,12,8-12,0.6774424826978686,0.5826397571982047,0.7295569685982433,0.6774424826978686,0.5826397571982047,0.7295569685982433,0.709846366038534,0.7611726981918268,111.8826923612867,102.6106174743112,111.8826923612867,102.6106174743112,113.28061622585456,105.4732227205728,127.01826059571057,111.49616922855898,0.8174129259743249,11,-0.01404570705114594,1430.0,1456.0,1315.3250000000003,1.0871837758728828,1.1069507536160261,0,0.4,-3.6411152897584906,84,214,66.47768429692545
73,George Mason,A10,26-8,105.71718133336782,192,95.32795882634606,18,0.766671172718999,73,26.82131786399865,8.17868213600135,15,3,15-3,0.5037936718572319,0.37108357363629507,0.5583037932544015,0.5034233416706214,0.37108357363629507,0.5583037932544015,0.8251861860432061,0.8401393696170267,107.41301157956524,106.07721618409755,107.46408483388483,106.17783206259858,105.14579673339182,95.82005137553097,100.30271343221416,94.37209650276527,0.6683859583920887,4,0.06876224153588095,1211.0,1147.0,1179.75,1.0264886628522991,0.9722398813307904,0,0.8333333333333334,-0.38474355291644025,57,41,64.70751981060761
74,North Texas,Amer,24-8,109.30219841500268,116,98.74173272954076,47,0.7628740509174426,74,24.8234995311221,8.1765004688779,14,4,14-4,0.4945252291049578,0.44957241899587186,0.5231555734356701,0.4941404565950321,0.44957241899587186,0.5231555734356701,0.8573359565763282,0.8422569076514398,108.11362809702244,107.54696752675972,108.10984788689744,107.58356627581485,111.46720965374628,100.36688822091718,100.85526221977342,90.06818764004142,0.7859819221193848,2,0.034067200165328715,1231.0,1107.0,1090.3625,1.1289823338568596,1.0152586869045845,0,0.7777777777777778,-1.7991414913043124,66,92,60.42506050414036
75,TCU,B12,16-16,106.34313156761738,175,96.2274362691802,25,0.7594194041376454,75,16,16,9,11,9-11,0.752487889088943,0.5686929924993169,0.8541202667846978,0.752487889088943,0.5686929924993169,0.8541202667846978,0.6252820858288356,0.7775234235636064,113.66026814103479,100.1334128599292,113.66026814103479,100.1334128599292,107.87694092099996,98.23323422191598,115.78537857623088,105.44867410915099,0.7456244874650816,16,0.05779631417983033,1298.0,1428.0,1324.1875,0.9802237220937368,1.0783971303157596,0,0.45,-1.7130565698835358,64,49,66.49168111494721
76,South Carolina,SEC,12-20,109.90284500408178,108,99.50184574551352,59,0.7582916741670361,76,12,20,2,16,2-16,0.7274056868742134,0.47423886461974935,0.9028052944239295,0.7274056868742134,0.47423886461974935,0.9028052944239295,0.6182209156539014,0.8501296145437199,114.20240002549374,101.02523064332652,114.20240002549374,101.02523064332652,108.64915252740732,99.05902049267276,116.89080097063301,108.79972200378447,0.695277821665378,19,-0.07097439878299894,1182.0,1361.0,1210.3375,0.97658710896754,1.1244797422206616,0,0.1111111111111111,-5.5893105461150565,119,326,65.4067639439164
77,Butler,BE,14-19,116.07807335927203,45,105.39533422778459,149,0.7521782132139593,77,14.45289343310863,19.547106566891372,6,14,6-14,0.700842469695374,0.5668152410681023,0.7650985820402871,0.7033385369758077,0.5668152410681023,0.7650985820402871,0.6773578836235092,0.7386242906408925,111.59485295378657,100.88031620871847,111.62455669393378,100.8713427552219,118.0838994006368,107.16310083475852,120.16405898903375,110.17311509585019,0.7307159915329721,14,-0.06817766849258616,1499.0,1545.0,1363.1000000000001,1.0996992150245761,1.133445822023329,0,0.3,-6.074082022644315,123,322,67.33859160969487
78,Yale,Ivy,22-7,114.01123091711973,61,103.83084565597701,116,0.7456679123738287,78,22.195628429775418,7.804371570224582,13,1,13-1,0.41014050084559645,0.42986130833908054,0.37951184582686154,0.4272491939312732,0.42986130833908054,0.37951184582686154,0.8724615239232503,0.8502521335642067,105.88879186181441,108.78738628373752,106.22861239763881,108.25038106625871,114.1592315702906,103.49828566924327,122.79786868576173,107.94402183318246,0.814973894679316,1,-0.0047120301873344594,1157.0,969.0,971.4625,1.1909878147638226,0.9974651620623545,0,0.9285714285714286,-2.660643340473257,73,191,67.27887702699107
79,Dayton,A10,22-10,114.59265256618416,57,104.5312989255719,131,0.7420818447013464,79,22.471826248882692,10.528173751117306,12,6,12-6,0.5885555453338344,0.5562098959871054,0.6038774614262175,0.5920803357089438,0.5562098959871054,0.6038774614262175,0.7943171487610129,0.776888266015892,108.32525895622742,103.25488031617212,108.49543369501629,103.32428127984275,113.09720215723424,106.06515049675073,149.84349524025595,123.43616431849527,0.9028651840075067,7,0.0713995140603022,1335.0,1296.0,1218.5375,1.0955756388293345,1.0635700583691516,0,0.6666666666666666,-1.6014992723955639,62,39,65.80919432742851
80,Colorado,B12,14-20,108.56453117219036,130,99.05483197935442,52,0.741584197648838,80,14.350904438021178,20.64909556197882,3,17,3-17,0.7455685173915231,0.5040920451834227,0.8590139944914817,0.7483088581336858,0.5040920451834227,0.8590139944914817,0.6145654420099776,0.7900487931510248,112.94153755530007,99.62943219335389,113.10562709560666,99.71570425351403,107.11565042163087,100.20553314292283,118.05531134836573,107.82377109499758,0.7393386009766983,16,-0.006596226450269804,1329.0,1474.0,1361.225,0.9763264706422524,1.082848169847013,0,0.15,-4.447950666648058,99,196,67.5967611979508
81,UC Irvine,BW,28-6,106.26598273456405,179,97.23736197951507,35,0.7351843429397401,81,28.753449650959045,6.246550349040955,17,3,17-3,0.4672046446487904,0.5249100841265567,0.41437163188966036,0.46958675380565185,0.5249100841265567,0.41437163188966036,0.8686743417256764,0.8440966673729826,106.01763643155519,106.88953310081988,106.14459887467626,106.93406831030705,107.03533212968443,97.58531829392912,104.7986881130797,90.3314094883584,0.8466278909758005,2,0.11580968037313533,1556.0,1344.0,1419.7875000000001,1.0959386527913506,0.9466205330022978,0,0.85,0.09062717009107557,51,11,68.73032648335474
82,Saint Joseph's,A10,22-12,110.6378232471374,99,101.32485774834666,84,0.7332544971962565,82,22.709644482520716,12.290355517479284,11,7,11-7,0.5243784534624132,0.4282570143190637,0.5759023517042858,0.5266150402145792,0.4282570143190637,0.5759023517042858,0.8415268286845281,0.8636399592208578,106.4180664784851,105.22470380071775,106.68581151097895,105.4088563697083,112.27515335348434,102.39066220688372,116.63300646493595,100.00062158744055,0.8543759380647024,3,-0.02370410900617681,1357.0,1242.0,1220.3624999999997,1.11196468262504,1.0177303874873247,0,0.6111111111111112,-4.8440423264891255,107,238,68.05432064398622
83,Grand Canyon,WAC,26-7,108.58260131280585,129,99.6142181933136,60,0.7293588726678278,83,26.136510029455337,7.863489970544664,13,3,13-3,0.40952934015580533,0.41250511808006785,0.3905175329989764,0.42526636528955075,0.41250511808006785,0.3905175329989764,0.8828786373662381,0.8831449074959872,102.80126128212353,106.25787650242252,103.25867631860326,105.82975063522761,107.64303472509613,98.82363834788627,174.66910740473278,159.16741246636843,0.7443635694209081,1,0.023292745693844763,1235.0,1086.0,1150.7124999999999,1.0732480962881694,0.9437631032946979,0,0.8125,-2.452443766906496,70,121,71.53235858582943
84,LSU,SEC,14-18,108.60056855988715,127,99.68354221898629,62,0.728153558445021,84,14,18,3,15,3-15,0.6962761720021976,0.403401295891749,0.8971178329823041,0.6962761720021976,0.403401295891749,0.8971178329823041,0.6282960702292313,0.8697059333626093,112.59168885968222,102.22424830070337,112.59168885968222,102.22424830070337,109.27474222848672,100.21903017731603,108.18809295882853,98.63622660991454,0.743258882936123,17,-0.0029245646921287616,1206.0,1393.0,1229.1499999999999,0.9811658463165603,1.133303502420372,0,0.16666666666666666,-3.9805586089018723,87,185,68.11895840128754
85,High Point,BSth,29-5,117.82286631201195,29,108.17840127034903,212,0.7275261528138093,85,29.17165304098456,5.82834695901544,14,2,14-2,0.343177215160617,0.332083835195245,0.33780158264982446,0.3598858620545374,0.332083835195245,0.33780158264982446,0.9189138691949462,0.9357580466618981,103.83433835131227,109.77789627043656,104.47918685859543,109.48702972129567,120.38258372563763,107.3357381754981,0,0,0,0,0.033254134695787196,1389.0,1160.0,1112.1625,1.2489182111427064,1.043013048902476,0,0.875,-1.7750281982944929,65,96,66.5413601222279
86,Oklahoma St.,B12,16-17,108.31348682999504,136,100.05583888229657,66,0.7134019885284955,86,16,17,7,13,7-13,0.7131197202188342,0.4498916800027251,0.8621350133799435,0.7131197202188342,0.4498916800027251,0.8621350133799435,0.6537765120623663,0.8869155544605282,112.63503209957807,100.86074789131318,112.63503209957807,100.86074789131318,107.7740912581498,97.97231688024029,108.32125866496979,106.8807840853463,0.5384128841097108,13,0.04414059456663272,1387.0,1540.0,1424.425,0.9737262404127982,1.081138003053864,0,0.35,-3.477247528396937,82,70,71.43446135827013
87,Minnesota,B10,15-17,109.95467515173146,107,101.60761987137991,87,0.7125746728868994,87,15,17,7,13,7-13,0.7049087956024069,0.41647280718070595,0.8569232410059666,0.7049087956024069,0.41647280718070595,0.8569232410059666,0.677862318464681,0.9141094244821789,112.30298808404503,101.79721526386611,112.30298808404503,101.79721526386611,113.7885933746588,103.78146289213203,128.06583126416575,119.12235527231537,0.6968880765000411,11,0.013675869447056732,1370.0,1501.0,1314.2375000000002,1.042429545649093,1.1421071153425464,0,0.35,-4.444854536195924,98,138,62.68821051079138
88,Arkansas St.,SB,25-10,110.86866816529266,97,102.50216378431244,95,0.7114255907527365,88,25,10,13,5,13-5,0.4290708463701298,0.4668298761638504,0.37108663318699436,0.4290708463701298,0.4668298761638504,0.37108663318699436,0.877570030395009,0.8252309073364041,104.89348646686857,107.03052347185917,104.89348646686857,107.03052347185917,111.79012493876786,102.15171610702362,109.62325484220072,84.16106907110347,0.9543334220073726,2,-0.012329067386634085,1433.0,1207.0,1238.05,1.1574653689269416,0.9749202374702153,0,0.7222222222222222,-4.502694713421667,100,208,69.80479026008233
89,Nevada,MWC,17-16,111.98532659123406,83,104.12031388438913,123,0.6979254997730681,89,17,16,8,12,8-12,0.6139746784477788,0.5780226691498683,0.6369475724527417,0.6139746784477788,0.5780226691498683,0.6369475724527417,0.7776114350748866,0.8235838328493074,108.82903314316995,103.32522595196419,108.82903314316995,103.32522595196419,109.35523567066404,105.13716087799286,108.99152854619157,103.78790447545546,0.6370512137897526,8,-0.03547940190911103,1386.0,1381.0,1301.8125,1.0646694512458592,1.0608286523596908,0,0.4,-6.611368939603705,135,269,63.83707539800649
90,Oregon St.,WCC,20-12,116.05442850737408,47,108.0823071303949,209,0.6938991271641717,90,20.397710060345055,12.602289939654947,10,8,10-8,0.5061298267272559,0.39087410364796366,0.5943976886807204,0.5142597690475146,0.39087410364796366,0.5943976886807204,0.8068448165136669,0.8906645877798802,107.20296140863988,105.52299390926638,107.46187140190248,105.46735635758796,118.99806201050083,111.7027443041832,122.47852783877944,115.77158464122326,0.6564785955160076,6,-0.0039776457360978235,1381.0,1337.0,1175.5,1.1748192258613357,1.1373883453849425,0,0.5555555555555556,-4.367913292313515,95,190,63.77875058041988
91,Florida St.,ACC,17-15,107.92271389057049,141,100.54225700134944,71,0.6930949099789452,91,17,15,8,12,8-12,0.6289701083044291,0.4472710477273246,0.72781833105016,0.6289701083044291,0.4472710477273246,0.72781833105016,0.7473902039559458,0.8594227804649891,110.45859100375809,103.34390782176831,110.45859100375809,103.34390782176831,109.81254034199046,104.12711931001584,128.42059892153037,125.4168472592785,0.5676280491662404,7,0.005264951121429551,1454.0,1528.0,1382.8125000000002,1.0514802259887004,1.1049943502824857,0,0.4,-5.022522658097868,111,161,69.66787228024693
92,UNLV,MWC,18-15,106.66731236410476,164,99.4510090424146,57,0.6911648032081242,92,18,15,11,9,11-9,0.6154321838976797,0.5892028575457249,0.6376154036236372,0.6154321838976797,0.5892028575457249,0.6376154036236372,0.7670883863075392,0.7875362994023672,109.53698280274847,103.82220998526356,109.53698280274847,103.82220998526356,107.61539447321469,99.1114429454679,109.9591688628197,110.05783615705033,0.4974214177214405,8,0.007532383936230236,1373.0,1354.0,1324.0625000000002,1.0369601132877033,1.02261033750295,0,0.55,-5.2581942516314815,113,156,65.7380729052615
93,Georgetown,BE,17-15,107.16675447185006,155,100.02136356225105,65,0.6885879654803531,93,17.54035236825414,15.45964763174586,8,12,8-12,0.6092156706722485,0.31187250933417715,0.7713985342752196,0.6105391211670386,0.31187250933417715,0.7713985342752196,0.7404399889328719,0.8993161255502606,109.16019306410553,103.76749282807843,109.26933593323697,103.85739587837503,108.1611346686454,98.91244239022578,113.08505871396493,102.82928735450136,0.7490036904048034,11,0.00983319039204833,1378.0,1429.0,1349.9124999999997,1.0208069041511951,1.058587130647357,0,0.4,-4.657300378448101,103,148,68.23941217909025
94,Virginia,ACC,15-17,111.70798977492451,88,104.52383699738192,130,0.6823170241074877,94,15,17,8,12,8-12,0.6542648279351753,0.5126168815534515,0.7312838824468045,0.6542648279351753,0.5126168815534515,0.7312838824468045,0.7027021188606642,0.7364685827172776,110.76064020624156,102.41060830755987,110.76064020624156,102.41060830755987,113.62879001379761,107.10044203152704,121.4198662461518,118.25629992314468,0.5753229084244638,9,-0.007868293683833849,1325.0,1410.0,1235.4624999999999,1.0724728593542905,1.1412730050487168,0,0.4,-5.498574245035721,117,199,61.00419866980041
95,Akron,MAC,28-6,113.96196441363145,62,106.80842468501166,182,0.6782020354135435,95,28.106834324519696,6.893165675480305,17,1,17-1,0.3759820131919966,0.43285963917127906,0.3342484489614573,0.3922766204341144,0.43285963917127906,0.3342484489614573,0.88927301688833,0.861183061085417,104.61365410670442,108.77376523548692,105.20000901985965,108.40465208169788,114.20803365726753,106.57084725505274,114.27804875960656,110.59952439101947,0.5929720029001472,1,0.07296915276965765,1556.0,1357.0,1313.0875,1.184993383913867,1.033442173503289,0,0.9444444444444444,-1.6864676450596852,63,34,71.23369252205666
96,Notre Dame,ACC,15-18,110.61640544643811,100,103.68192779812235,111,0.6779827451911881,96,15,18,8,12,8-12,0.6463729432227725,0.5086423059934039,0.703619662434438,0.6463729432227725,0.5086423059934039,0.703619662434438,0.7263519386151064,0.7553925156123842,111.03796954026815,103.42420672020806,111.03796954026815,103.42420672020806,112.67189607913517,105.63389587725392,129.42511336061727,121.49326565189013,0.6742128147586866,8,-0.03246444974035462,1445.0,1494.0,1342.225,1.076570619680009,1.1130771666449366,0,0.4,-6.910314204188215,137,260,64.67533597115016
97,Bradley,MVC,26-8,111.21874195967399,92,104.27697577200902,126,0.6772485269838715,97,26.68407038746014,8.315929612539861,15,5,15-5,0.48842919039043087,0.420422260199915,0.5139717887520117,0.4906601070013432,0.420422260199915,0.5139717887520117,0.8699277911669948,0.8845051255180614,107.18541226370341,107.15542029890324,107.28794873664135,107.18396116343841,110.82784620359826,103.47615410327396,117.31261820906849,109.06181723915769,0.6981841655200302,2,0.10536677544850137,1523.0,1407.0,1357.1500000000003,1.122204619975684,1.036731385624286,0,0.75,-1.9597206646691414,67,14,65.73122113258681
98,Lipscomb,ASun,25-9,110.86330344321993,98,104.08422796152203,122,0.6738436168260977,98,25.102507510696753,9.897492489303245,14,4,14-4,0.37913866788266404,0.4710352808586516,0.31960164698909094,0.3953807945663974,0.4710352808586516,0.31960164698909094,0.8735275536384404,0.8155584792330122,105.49883804069016,110.05155378234012,105.90694586239762,109.51931880797106,112.61426872956811,107.37245831704655,99.66253084960617,104.13913832107932,0.37629877859232636,2,0.00391661492961537,1440.0,1216.0,1190.5749999999998,1.209499611532243,1.0213552275161164,0,0.7777777777777778,-4.076884096219397,90,166,66.15313074190982
99,Georgia Tech,ACC,17-17,107.03377268695111,160,100.56164394986328,72,0.6720111479026901,99,17,17,10,10,10-10,0.6162272895182562,0.39943589329949253,0.7175270140307447,0.6162272895182562,0.39943589329949253,0.7175270140307447,0.7330517331840302,0.8522637807720954,110.19239261751245,104.06789985184734,110.19239261751245,104.06789985184734,107.66039175054998,100.01537351789304,121.44102998876124,109.79202037057095,0.7612729001349154,9,-0.006336726381696911,1417.0,1452.0,1375.2000000000003,1.030395578824898,1.0558464223385686,0,0.5,-5.020086687405014,110,195,68.78593590321333
100,UAB,Amer,22-12,117.3142275741361,33,110.2369631939574,255,0.6716315233659611,100,22.290355517479284,12.709644482520716,13,5,13-5,0.46975767302216254,0.32214920788495394,0.5424393801758358,0.47883742731579765,0.32214920788495394,0.5424393801758358,0.8657981879308904,0.9301335735074283,105.78600181609809,106.81578329696927,105.97100514353355,106.6155436293529,119.75357642640458,110.48669576088827,106.8802214191467,116.53126454893736,0.27008636533756863,1,-0.02155261184276913,1456.0,1380.0,1233.6000000000001,1.180285343709468,1.1186770428015562,0,0.7222222222222222,-6.13344713914823,124,233,69.06563602226203
101,Troy,SB,23-10,106.9106534020158,161,100.51646544653858,70,0.6702303536603154,101,23.13012062130349,10.869879378696512,13,5,13-5,0.4074514302001553,0.4251053541909913,0.3828900044519804,0.42286304141885855,0.4251053541909913,0.3828900044519804,0.8504072701855602,0.7937066902704881,105.41790175504426,107.65866473995628,105.9957074133363,107.38047082664227,107.25786717140349,101.463836662734,89.36838535619893,94.37834624274655,0.3481312285316227,3,-0.0028149461297505285,1300.0,1150.0,1179.275,1.1023722202200503,0.9751754255792753,0,0.7222222222222222,-4.331490338048903,94,183,66.19556966680194
102,Loyola Chicago,A10,22-11,107.64981022238975,146,101.26163637779683,82,0.6689682027979695,102,22.518746834628985,11.481253165371015,12,6,12-6,0.4913516621636408,0.30013237264030246,0.6003596914322762,0.49400701077186293,0.30013237264030246,0.6003596914322762,0.8575361127011748,0.935842460744034,105.92476173261427,106.08664479062017,105.98943464898647,106.05392634075248,109.1900181614059,102.0239738083986,129.26943789396677,122.27800553474476,0.6546222522011679,2,0.02352052125187376,1295.0,1274.0,1217.9624999999999,1.0632511263688333,1.046009216211501,0,0.6666666666666666,-4.745832634354356,104,120,66.9332527905519
103,St. Bonaventure,A10,22-12,105.70311440414883,193,99.45745361254222,58,0.668276600091789,103,22,12,9,9,9-9,0.5095358978001753,0.3737141372943501,0.5793152195268492,0.5095358978001753,0.3737141372943501,0.5793152195268492,0.8452234428159705,0.9046980575396852,107.04016126845686,106.11078929907929,107.04016126845686,106.11078929907929,107.96645145217985,103.3089041033997,124.11551474445575,112.24354615618972,0.7606468725152945,4,0.025158639162663032,1218.0,1233.0,1168.85,1.0420498780852976,1.0548830046627027,0,0.5,-4.168054683022682,92,116,64.4742441548984
104,New Mexico St.,CUSA,17-15,104.91726056355563,207,98.97106074046172,51,0.6617186147211493,104,17,15,10,8,10-8,0.5033703090560637,0.40160887203729695,0.5710238981893025,0.5033703090560637,0.40160887203729695,0.5710238981893025,0.8405106588288223,0.8419512768817238,106.65713392899265,104.10643692479017,106.65713392899265,104.10643692479017,105.03966407075865,94.63698678640205,110.80760908754068,104.1252950736361,0.6715725045597233,3,-0.08539964464563177,1183.0,1116.0,1164.3375,1.0160284281834089,0.9584849753615252,0,0.5555555555555556,-8.297292021162542,166,340,64.78068722486401
105,Providence,BE,12-20,111.16713070937551,93,105.12640128557823,144,0.6553228843480327,105,12,20,6,14,6-14,0.6787789080119059,0.4977453587970883,0.7746773948203365,0.6787789080119059,0.4977453587970883,0.7746773948203365,0.7116044299068096,0.8356421398778004,111.20998763637428,102.39017026763723,111.20998763637428,102.39017026763723,113.15710797974998,105.7729957087668,129.2266567487821,117.45055982942937,0.7500407738980414,12,-0.06170907947317983,1438.0,1533.0,1362.5125,1.055403161438886,1.1251272924101614,0,0.3,-8.535382800094622,169,319,66.23199372671455
106,Washington St.,WCC,19-14,112.76190774490603,70,106.73429348838246,180,0.6528895369752988,106,19.45964763174586,14.54035236825414,8,10,8-10,0.5843989378081687,0.5562579389417347,0.5956817386203453,0.5874633209745334,0.5562579389417347,0.5956817386203453,0.7793556497703943,0.8317939663022209,109.36197571312186,104.70054627664373,109.29741038248642,104.56292325564188,112.20166943531676,109.64763923328397,120.91637763262074,118.111841833395,0.5670617479037069,7,0.04300628867741929,1380.0,1453.0,1270.1249999999998,1.0865072335400061,1.143981891546108,0,0.4444444444444444,-4.80226648203937,106,73,70.69159338055246
107,Syracuse,ACC,14-19,111.08899747480285,94,105.23924383643825,147,0.6506953197442842,107,14,19,7,13,7-13,0.6627167002081271,0.5479847055229351,0.7147677357052802,0.6627167002081271,0.5479847055229351,0.7147677357052802,0.7192350587558434,0.7374987360835096,111.56354985843406,103.08078838082717,111.56354985843406,103.08078838082717,112.87512541070923,106.05650397519594,118.76481401957516,115.35557969126502,0.5829625785515038,10,-0.03169313939002377,1481.0,1555.0,1380.7875,1.0725763377782607,1.1261689434471271,0,0.35,-7.6387787931516815,152,258,68.15316808807388
108,UNC Wilmington,CAA,27-7,112.38561472503082,76,106.86314222286845,185,0.6409408911058208,108,27.079456334448505,7.920543665551496,14,4,14-4,0.3647767397396448,0.33941122180102,0.3740562422954398,0.38160815568718126,0.33941122180102,0.3740562422954398,0.9002806734627751,0.902991903455968,104.65210565527964,109.00538303348918,105.30037331699936,108.6372312153458,112.63643532730187,107.29342770047158,110.83357488029469,107.37700694176715,0.5900960162174566,1,0.050785980559564625,1391.0,1239.0,1197.8999999999999,1.1611987645045498,1.0343100425745055,0,0.7777777777777778,-3.21010814274278,80,59,65.20238928084687
109,Florida Atlantic,Amer,18-15,112.310810066512,77,106.86495557621738,186,0.639131833779338,109,18.528173751117308,15.471826248882694,10,8,10-8,0.5301535600346935,0.5363613340872809,0.5368225762668897,0.5345865724955116,0.5363613340872809,0.5368225762668897,0.8339443321581804,0.7992865508998087,107.79455679925351,105.33210037790458,107.95541714116985,105.34901266378294,111.86472521309946,106.90122683908034,108.55789914694412,105.59354426395385,0.5789327882851507,2,-0.03584421069036603,1356.0,1333.0,1222.2875,1.1093952936604523,1.0905781168505775,0,0.5555555555555556,-7.8167306166336195,155,270,68.97585362941383
110,Utah Valley,WAC,25-8,107.09790408152563,158,101.91988970543369,92,0.6387395062913944,110,25.191396166742223,8.808603833257777,15,1,15-1,0.420849198484506,0.4253907870283656,0.4016972149481972,0.4333852613506508,0.4253907870283656,0.4016972149481972,0.8803516014545781,0.8765646186354358,104.37627037985266,106.63821167311015,104.62906499779695,106.33423394186127,108.29842497370504,101.80033426757348,0,0,0,0,0.08732249453121055,1222.0,1073.0,1120.2375000000002,1.090840112029815,0.9578326024615315,0,0.9375,-3.0262345984989802,77,23,67.93030061868468
111,North Alabama,ASun,24-10,112.1293336813548,79,106.73821292518579,181,0.6379893660756932,111,24.31592961253986,10.684070387460139,14,4,14-4,0.347334712622011,0.3550146432878019,0.32745164365185553,0.3585218151138968,0.3550146432878019,0.32745164365185553,0.8959678676614783,0.8677818695739064,104.52217887421655,110.05059888012744,104.76891847212839,109.83456179548092,113.84607022178557,107.09275706141264,114.03294728398517,107.12254334486927,0.6723671005363943,1,-0.028322254453233553,1442.0,1258.0,1206.7374999999997,1.1949574783248225,1.0424802411460656,0,0.7777777777777778,-5.639101454122119,120,250,66.5628646350374
112,DePaul,BE,14-19,109.36022210121729,115,104.16710911276652,125,0.6363331733416273,112,14.224122613337572,19.77587738666243,4,16,4-16,0.6378612774191158,0.35878265073344795,0.7765450286410799,0.6443449260133093,0.35878265073344795,0.7765450286410799,0.7108648022488439,0.856195958571595,109.83585915217465,102.7363125670624,109.88953275466066,102.52265305831794,107.08787907262676,106.56824259442585,110.6684219847276,112.2700924801867,0.4587829648002718,13,-0.03462148346269345,1333.0,1550.0,1348.7375000000002,0.9883316805531097,1.149222884364081,0,0.2,-7.502017241196108,150,265,67.08887771382562
113,N.C. State,ACC,12-19,107.82835667190776,144,102.74659021177422,99,0.6353325129679449,113,12,19,5,15,5-15,0.6297804852653122,0.4425805664826857,0.7327404405957567,0.6297804852653122,0.4425805664826857,0.7327404405957567,0.7314502246426489,0.7892123907048336,110.86897763729861,104.07198160856584,110.86897763729861,104.07198160856584,108.74691885401951,104.51561246341953,118.47018133298701,114.1695194390889,0.6047352075750473,8,-0.08209884230861425,1346.0,1465.0,1312.65,1.025406620195787,1.1160629261417743,0,0.25,-8.770416919672611,177,338,65.21425742221044
114,St. Thomas,Sum,24-10,114.14190255916081,59,108.87949385351729,230,0.6324654636249195,114,24,10,12,4,12-4,0.4013189960608142,0.3818801431391584,0.4189479603302495,0.4013189960608142,0.3818801431391584,0.4189479603302495,0.897539470875491,0.8830452648852136,106.80729012820231,109.50656025025094,106.80729012820231,109.50656025025094,116.71471166076581,112.18232832702505,0,0,0,0,0.020379378370614543,1311.0,1238.0,1083.975,1.209437487026915,1.1420927604418922,0,0.75,-5.209542356660506,112,131,67.8555355650511
115,Northern Iowa,MVC,20-12,108.67775369482129,126,103.7739426244327,115,0.6297117507394422,115,20.13843711640033,12.861562883599673,14,6,14-6,0.49169839183696906,0.4566833039446271,0.5164820427902673,0.5036767371941925,0.4566833039446271,0.5164820427902673,0.8634817689273167,0.890948686673303,106.91819622104512,106.79450601107268,107.2792506995149,106.55216594263453,108.91456843987467,103.3589806971582,102.98020705548196,110.19015437144633,0.3147050327978859,1,8.496710805960817e-05,1439.0,1346.0,1305.15,1.1025552618472971,1.0312990843964294,0,0.7,-6.565062167285937,134,178,65.01795816853874
116,Middle Tennessee,CUSA,22-12,108.711395357849,125,103.94132603429603,120,0.6262132750050523,116,22,12,12,6,12-6,0.5337931269730405,0.4688094945843912,0.5749033582062869,0.5337931269730405,0.4688094945843912,0.5749033582062869,0.8420898082179431,0.8416056642073073,107.2935907304999,104.12978920319188,107.2935907304999,104.12978920319188,108.4422402289069,103.61025329835996,106.71520487213569,100.69286283785354,0.6610597446724348,2,0.07215553802314267,1326.0,1288.0,1252.6249999999998,1.0585769883245186,1.028240694541463,0,0.6666666666666666,-4.035083618119705,88,36,68.30785957100386
117,George Washington,A10,21-12,107.65160948229237,145,102.93402134866136,104,0.6260568857830286,117,21.235987176615215,12.764012823384787,9,9,9-9,0.4469757637668809,0.26460334972807475,0.5649727634649063,0.45866009963158016,0.26460334972807475,0.5649727634649063,0.8727283166642594,0.9408458864080819,104.3071762049373,106.2780654100479,104.6360631969102,106.07025713196934,105.79122403409042,98.8881205193811,127.35424597655921,113.45589360979739,0.7906621665378104,1,-0.011670039306150293,1239.0,1200.0,1208.0249999999996,1.025641025641026,0.9933569255603157,0,0.5,-6.624498481025222,136,205,66.8536324660816
118,Northern Colorado,BSky,25-9,111.78759827447843,86,107.01256685510337,187,0.6229351067999113,118,25.246550349040955,9.753449650959045,15,3,15-3,0.3821158100138279,0.4208763787686615,0.3483012796715345,0.39374675936036174,0.4208763787686615,0.3483012796715345,0.8846730304826524,0.8318155210202061,105.66610502593299,108.95437012430058,105.7280217598338,108.54871094145393,112.32109439429978,108.58439147319798,104.35983046084549,104.30345945489856,0.5015533745747774,1,0.04255514242778624,1439.0,1297.0,1232.8250000000003,1.167237848031959,1.0520552389836348,0,0.8333333333333334,-4.14243465219551,91,76,68.74394941588714
119,Washington,B10,13-18,109.29038934261118,117,104.62303010764137,133,0.6229092010329408,119,13,18,4,16,4-16,0.6970307523835244,0.4063875130708894,0.8568845340054736,0.6970307523835244,0.4063875130708894,0.8568845340054736,0.6698712570249691,0.8715459864628031,112.8081770651192,101.60627021088361,112.8081770651192,101.60627021088361,109.50262545593098,105.68971251390481,126.4588326693597,119.18354590882421,0.6640509383845049,13,0.032480002565220545,1374.0,1602.0,1370.8000000000004,1.0023344032681643,1.1686606361248901,0,0.2,-5.57039104850446,118,101,67.71565010218372
120,Kent St.,MAC,23-11,105.92207044922256,188,101.42141222025813,86,0.6223002562935936,120,23,11,11,7,11-7,0.40639124642042207,0.44248977953546564,0.36256500169174943,0.40639124642042207,0.44248977953546564,0.36256500169174943,0.870169197666731,0.800774789490172,106.34567153427183,108.39440483697308,106.34567153427183,108.39440483697308,107.48202942614309,104.60942427478265,92.95090225759932,93.16490716684328,0.49338875586070335,2,0.0017624814871695094,1385.0,1280.0,1238.6625000000001,1.1181415438022866,1.0333726903010303,0,0.6111111111111112,-5.810244825435873,121,171,66.04480032754832
121,Jacksonville St.,CUSA,23-12,108.98929347218952,121,104.56909484901273,132,0.6168308863714138,121,23,12,12,6,12-6,0.504201441539502,0.3683010889429551,0.5759268759870563,0.504201441539502,0.3683010889429551,0.5759268759870563,0.8460524982081418,0.8788987200807787,107.26544347933003,104.78367715233554,107.26544347933003,104.78367715233554,106.2111447954648,103.30264011771874,112.06626133018365,100.45470435740081,0.778665945914746,2,0.07512055818595853,1249.0,1225.0,1199.8875,1.0409309206071402,1.0209290454313424,0,0.6666666666666666,-5.273997046083655,114,30,64.7647754779017
122,California,ACC,14-19,110.09332831204334,106,105.74024535234474,161,0.6139491599351677,122,14,19,6,14,6-14,0.6373554968083935,0.4858781562775907,0.7184982536442164,0.6373554968083935,0.4858781562775907,0.7184982536442164,0.7243952138597923,0.7896661293676964,111.13289779889892,103.79092181895498,111.13289779889892,103.79092181895498,110.4470186969351,106.91950552574247,107.93380729170306,100.14796360463534,0.7028691806636593,8,-0.03143368836052629,1473.0,1562.0,1389.3125,1.0602366278285122,1.1242970893877366,0,0.3,-7.968296682292262,157,257,67.55053060175113
123,Saint Louis,A10,19-15,108.85572006741349,122,104.69174824961149,134,0.6102908369551588,123,19,15,11,7,11-7,0.5506386051890176,0.42150526068954786,0.6255708077273389,0.5506386051890176,0.42150526068954786,0.6255708077273389,0.8227516774643718,0.8634829135015628,107.89677043611306,104.3636487989792,107.89677043611306,104.3636487989792,108.8691683188834,99.94445977249079,110.9017461681559,105.75495046066206,0.6333185657847885,4,0.02121616903678869,1297.0,1237.0,1223.7124999999999,1.059889475673412,1.0108583511241407,0,0.6111111111111112,-6.515653998136475,133,129,67.3784989400913
124,Kennesaw St.,CUSA,19-14,107.3741505765093,153,103.33426774007773,108,0.6085043858868955,124,19,14,10,8,10-8,0.5303492028915433,0.43230939128322743,0.576834709480607,0.5303492028915433,0.43230939128322743,0.576834709480607,0.8417712445669292,0.8681480648276246,107.02337260689028,103.46141220403956,107.02337260689028,103.46141220403956,105.67531249244844,101.54101033544394,116.9511067350001,107.78692988930148,0.7187753037963904,2,0.021450754706085262,1313.0,1286.0,1273.0625,1.0313712013353626,1.010162501841033,0,0.5555555555555556,-7.021802689417187,140,126,70.17029336644335
125,North Dakota St.,Sum,21-11,115.59247064535295,50,111.27564843634397,272,0.6077095058138512,125,21,11,10,6,10-6,0.40341236187905277,0.3870108437132131,0.42198590243991235,0.40341236187905277,0.3870108437132131,0.42198590243991235,0.8938203099272957,0.8787721070014808,107.44451878953483,109.65876269905475,107.44451878953483,109.65876269905475,115.68066008736969,114.32012219824261,119.1726620301808,98.78283935409891,0.8964111114012725,1,-0.012804668517287343,1300.0,1248.0,1083.4875,1.1998292550675482,1.1518360848648461,0,0.625,-6.39237782542772,130,209,65.05541761222182
126,Cornell,Ivy,18-11,114.77420905105524,56,110.91152896178467,266,0.5971707820748684,126,18,11,9,5,9-5,0.3972716765869066,0.36196009140696866,0.40043066966229407,0.3972716765869066,0.36196009140696866,0.40043066966229407,0.9055419872923094,0.9155488379489687,104.90606415235312,107.92228536254363,104.90606415235312,107.92228536254363,114.93640348420276,111.13999848456713,0,0,0,0,-0.04989424025826272,1173.0,1094.0,1003.525,1.1688796990608106,1.090157195884507,0,0.6428571428571429,-7.195954950598589,142,298,70.76461702019411
127,Nebraska Omaha,Sum,22-12,112.21335060919097,78,108.5539761899803,222,0.5941808631144959,127,22.091638442468145,12.908361557531853,13,3,13-3,0.4234274985327764,0.41811500849576805,0.42364420596553254,0.43805926494775244,0.41811500849576805,0.42364420596553254,0.8636336008708559,0.8438636628897876,106.65928812913887,108.44527804463677,106.84110626742196,107.86444714538817,117.09418049213397,110.01820471567663,92.93188831287897,100.26790528729208,0.29447327943166196,1,0.008379011859839247,1347.0,1231.0,1105.8125,1.2181088566099587,1.1132086135759904,0,0.8125,-6.510864768315885,132,153,67.76564177325832
128,Duquesne,A10,13-19,106.38043404886751,174,102.98348946251582,105,0.592234252375866,128,13,19,8,10,8-10,0.5229243571798337,0.40449293915211587,0.6003830344835257,0.5229243571798337,0.40449293915211587,0.6003830344835257,0.8619603295555273,0.9187715719721695,106.53487189351918,104.89545065172085,106.53487189351918,104.89545065172085,108.84957989560962,103.166464907126,104.01863384922284,101.19305158951022,0.5785221343296811,1,-0.1569873814720345,1272.0,1251.0,1198.0874999999999,1.0616920717393348,1.0441641365926948,0,0.4444444444444444,-12.971360890187754,256,363,65.07884110790543
129,Belmont,MVC,22-11,111.95875430930457,84,108.5663686873326,223,0.587548914574071,129,22,11,13,7,13-7,0.4833715424018221,0.4237874413090131,0.49416922459010343,0.4833715424018221,0.4237874413090131,0.49416922459010343,0.87601412163991,0.9054402841045696,106.56842235638474,106.55364665231184,106.56842235638474,106.55364665231184,113.02088988437306,111.10044236424062,87.16138734007049,103.27444435481625,0.12447399367215684,1,0.07439129591490912,1582.0,1559.0,1400.9875000000002,1.1292035082397236,1.1127865166534319,0,0.65,-5.409980568865913,116,32,70.66113479681759
130,South Dakota St.,Sum,20-12,109.7664187811896,110,106.58276808705645,178,0.5838205523938883,130,20,12,11,5,11-5,0.4399427968729551,0.46281490413468057,0.4249133805588827,0.4399427968729551,0.46281490413468057,0.4249133805588827,0.861533318254589,0.8113342054815572,108.3968469017878,108.51568107088889,108.3968469017878,108.51568107088889,110.97153605078493,107.74317677752151,119.5129139666519,113.66069131104311,0.6404639446072904,1,0.011511586478633262,1309.0,1201.0,1114.7875000000001,1.1742148167251605,1.077335366605743,0,0.6875,-6.23370462307718,126,144,69.08166283999796
131,Illinois St.,MVC,19-14,112.10475561438426,80,108.88768185966302,231,0.5829374530341752,131,19.7537369705517,14.246263029448299,10,10,10-10,0.48885170542486,0.4410640447353416,0.5148391420642529,0.4836943484453756,0.4410640447353416,0.5148391420642529,0.872933646072106,0.8818288215562742,107.2238122682387,107.07687654430848,107.1038155545687,107.18204440738485,114.48518098331176,111.27327651106643,126.8595203104144,120.69677188406769,0.639383173907622,1,-0.004958409803159425,1495.0,1476.0,1315.9,1.1361045672163537,1.1216657800744736,0,0.5,-8.174529634533295,163,193,65.6261364203288
132,Chattanooga,SC,25-9,114.37133507203023,58,111.12744410138728,268,0.5819752088889427,132,25,9,15,3,15-3,0.3977853951469073,0.41359114929153595,0.36842266765659737,0.3977853951469073,0.41359114929153595,0.36842266765659737,0.8813070189046874,0.833600307022433,104.17598679550072,107.7514392042933,104.17598679550072,107.7514392042933,117.23586535181435,112.9815576285272,110.28697725919902,107.07525490863912,0.584159043315156,3,0.08328013984941496,1473.0,1318.0,1221.3875,1.2060054650960486,1.0791006130323095,0,0.8333333333333334,-4.04614491213825,89,24,66.5783125959877
133,Louisiana Tech,CUSA,20-12,107.94511203830305,140,104.90562365004834,139,0.5813846613551941,133,20,12,9,9,9-9,0.4849056916016667,0.3426593684637335,0.5797887259003551,0.4849056916016667,0.3426593684637335,0.5797887259003551,0.8668115059068561,0.9145646719609483,106.02354023941147,104.44781513548278,106.02354023941147,104.44781513548278,108.17060541664978,105.82516196680093,103.12322980709338,109.77294019414859,0.32769522360928044,2,0.044034551435253255,1242.0,1240.0,1178.85,1.053569156381219,1.0518725876913941,0,0.5,-6.244135315633333,127,71,64.42278921755074
134,South Alabama,SB,21-11,106.41494971191534,171,103.51870179952402,109,0.5786730471111835,134,21,11,13,5,13-5,0.38357051718670276,0.37060377138544115,0.3747212184004724,0.38357051718670276,0.37060377138544115,0.3747212184004724,0.8906964612867704,0.8671437960911285,104.18144292552384,108.11961784865444,104.18144292552384,108.11961784865444,107.50774981955072,100.4545406685236,91.68093197983703,87.60223969056823,0.6279285117660383,1,-0.011223622435992064,1299.0,1146.0,1179.7625,1.1010690711054132,0.9713819518759071,0,0.7222222222222222,-6.363166360908332,129,203,63.111527348001886
135,Montana,BSky,25-9,112.04182726234839,81,109.13190220396027,237,0.5750834739037257,135,25.078183563419902,9.921816436580096,15,3,15-3,0.41233026702599374,0.49134732305369744,0.35351478554665644,0.4274359149449833,0.49134732305369744,0.35351478554665644,0.8492321520364653,0.762702215933597,106.5543281563579,108.02490424831822,107.05175419235415,107.65715349519837,112.56955824131028,110.8788081710878,104.47747055325063,109.15606444685292,0.37665214520493595,4,0.10150195748873925,1378.0,1302.0,1196.475,1.15171650055371,1.0881965774462485,0,0.8333333333333334,-3.090541072480072,79,16,67.05682170266869
136,Samford,SC,22-10,110.58713498117126,102,108.09294773263218,210,0.5652117223411091,136,22.17868213600135,10.82131786399865,12,6,12-6,0.3979427737601352,0.42410701896727687,0.37024687622813063,0.410607294808992,0.42410701896727687,0.37024687622813063,0.8659841796903692,0.813338180864294,105.21652185079515,108.46510166520322,105.27700516819945,108.00134662316204,108.64003947010988,106.09670254607688,115.38629044615521,107.36346136045046,0.6960915709411334,2,0.04487853494690053,1432.0,1299.0,1268.3625,1.1290147729848525,1.0241551606894717,0,0.6666666666666666,-4.853458557336755,108,68,70.88247887160085
137,Cal St. Northridge,BW,22-11,107.51353904542151,151,105.22902311250809,146,0.5614361945807801,137,22,11,14,6,14-6,0.4113540970017703,0.32780040170430236,0.4314744112934218,0.4113540970017703,0.32780040170430236,0.4314744112934218,0.8746790469412017,0.8875124320751137,104.78621764130504,107.76650610559146,104.78621764130504,107.76650610559146,110.36632855610449,104.9087441606873,94.34115860218003,104.4512045616369,0.23672336465941488,2,0.04896892601043101,1616.0,1487.0,1449.6375,1.1147614489829354,1.0257736848005103,0,0.7,-5.016785000860128,109,62,72.1984592271621
138,Tulane,Amer,19-14,108.49538213633156,131,106.23553973552879,169,0.5602218462628226,138,19.227937160783295,14.772062839216707,12,6,12-6,0.4435517508679987,0.3189355368916853,0.5025428354766768,0.4543839729858739,0.3189355368916853,0.5025428354766768,0.8752973417636618,0.9140677161318277,106.0715400047249,107.53298198050823,106.40819906151347,107.38804676865242,109.65762175525194,105.50946816243106,0,0,0,0,-0.026562804715414612,1338.0,1277.0,1205.0375000000001,1.1103388898685724,1.059718058566642,0,0.6666666666666666,-8.667221407663025,175,243,66.73078950126917
139,Seattle,WAC,14-18,103.12555394867664,235,101.04850687719605,80,0.5582308951289782,139,14,18,8,8,8-8,0.460868767309191,0.5076657443844714,0.4115658347065527,0.460868767309191,0.5076657443844714,0.4115658347065527,0.8557903583628022,0.8008235922905226,104.93665373748811,104.53091807440735,104.93665373748811,104.53091807440735,101.7403290875236,98.69490905570763,116.33552992561116,90.91656706214441,0.9445468704845963,2,-0.13902455572212735,1078.0,994.0,1061.9875,1.0150778610859357,0.9359808848974212,0,0.5,-12.034720944439053,238,360,65.9626687122821
140,Wichita St.,Amer,19-15,106.27951419088232,178,104.16110735264917,124,0.5576272835836383,140,19,15,8,10,8-10,0.5233112547737424,0.4903754324687041,0.5239064286571008,0.5233112547737424,0.4903754324687041,0.5239064286571008,0.840779249151616,0.8401918645070362,107.31897781385766,105.2361545529706,107.31897781385766,105.2361545529706,104.16218173471707,106.18608952712711,112.0219222417155,114.39309667437296,0.440069330037898,2,0.030859566260108107,1267.0,1293.0,1213.45,1.0441303720796078,1.0655568832667188,0,0.4444444444444444,-7.324324758896015,146,107,68.7130414988599
141,UTEP,CUSA,18-15,106.00261496485784,186,103.89257988341396,118,0.5575493932914374,141,18,15,7,11,7-11,0.5114549467617421,0.38768620553562777,0.5823820999961323,0.5114549467617421,0.38768620553562777,0.5823820999961323,0.844033935481248,0.8723221013495966,106.76240976421816,103.89522268933283,106.76240976421816,103.89522268933283,105.13567985032422,105.16274452504365,118.12136972153799,96.58002819452857,0.9101459124840034,2,0.009217684284543726,1285.0,1332.0,1264.175,1.0164731939802638,1.0536515909585302,0,0.3888888888888889,-8.218837703436094,164,151,68.47820052062124
142,Furman,SC,25-9,109.41888711568615,114,107.2868003429889,192,0.556333741644838,142,25.1765004688779,9.8234995311221,11,7,11-7,0.3916588767598908,0.37987581629486394,0.371212537124995,0.40368804874179615,0.37987581629486394,0.371212537124995,0.8906436828401225,0.8791324332761159,105.17981880845325,108.33525420806819,105.35304718926776,107.99534283293919,107.84446927970674,109.07878706302793,99.2214683157623,110.34190630463165,0.22764834637148282,1,0.08900818537374622,1352.0,1291.0,1218.4875,1.1095723181403174,1.0595102534904954,0,0.6111111111111112,-4.372454458874208,96,21,65.86959043134388
143,Wofford,SC,19-15,111.59198660811633,90,109.70002797423791,246,0.5490035985220117,143,19.052011383839645,15.947988616160355,10,8,10-8,0.41671007711187485,0.4795632280785638,0.37200964506115636,0.43214330830221065,0.4795632280785638,0.37200964506115636,0.8635436760022285,0.8206574495254608,105.66380135924406,107.94659382399841,106.08074019928992,107.43937317572436,110.64691744916139,109.04623968463807,67.81127738292822,106.97696474949684,0.005258287758038629,1,-0.04985647842921248,1340.0,1243.0,1176.7125,1.138765841273888,1.0563327915697334,0,0.5555555555555556,-9.65190937575269,193,297,63.99459759315819
144,Virginia Tech,ACC,13-19,106.56960542879091,165,104.76289403908079,137,0.5490009749188904,144,13,19,8,12,8-12,0.6405559248810535,0.48747520537831873,0.7260806588547812,0.6405559248810535,0.48747520537831873,0.7260806588547812,0.7543860163743155,0.8416261599176196,110.618390202824,103.72591537372769,110.618390202824,103.72591537372769,108.8786521201532,104.95880149187202,113.32689592260897,111.79970979161521,0.5389277990747904,6,0.0008443675040132326,1354.0,1467.0,1305.4374999999995,1.0372001723560114,1.1237611911715426,0,0.4,-9.097620598171964,181,175,65.14138589565812
145,Miami OH,MAC,25-9,108.05225743818434,138,106.37569215286413,173,0.5448381329166442,145,25,9,14,4,14-4,0.36370745002147087,0.36639466626118133,0.334244346560656,0.36370745002147087,0.36639466626118133,0.334244346560656,0.8986589653985122,0.8686483543735153,103.78556600627603,108.8007152424348,103.78556600627603,108.8007152424348,109.41771256093696,107.8742759476136,103.60443933460306,108.17434451978082,0.3783902201375567,2,0.0719452821519897,1455.0,1343.0,1282.8625,1.1341823461204923,1.0468775882060626,0,0.7777777777777778,-4.437321309706658,97,38,68.88128027477265
146,Davidson,A10,17-16,109.2180473681324,118,107.549740771368,197,0.5441393103782179,146,17,16,6,12,6-12,0.49438586323077494,0.3783312528698805,0.5789059182224847,0.49438586323077494,0.3783312528698805,0.5789059182224847,0.8409794924731163,0.8548066541618824,106.47383119880294,105.59917587379115,106.47383119880294,105.59917587379115,107.99488136107578,108.74587117943351,119.14824800759784,127.12435983288239,0.3218748239825891,3,-0.030217173875584313,1239.0,1283.0,1175.8499999999997,1.053705829825233,1.0911255687375094,0,0.3333333333333333,-9.249757338009031,186,253,65.72858484798854
147,Loyola Marymount,WCC,17-15,104.26637363024489,215,103.27896348871451,107,0.5273289333177319,147,17,15,8,10,8-10,0.5410559505529003,0.4640673331167376,0.6033475850469618,0.5410559505529003,0.4640673331167376,0.6033475850469618,0.7984933396142845,0.8725421117805854,108.91678258603876,105.55876304777036,108.91678258603876,105.55876304777036,103.41317663250302,102.06735712137161,104.06798712392428,107.3528262292662,0.41159416010810435,7,0.04295720203752823,1226.0,1291.0,1215.4874999999997,1.0086487931796915,1.0621252789518612,0,0.4444444444444444,-6.930986324827154,138,74,67.09235465433484
148,Robert Morris,Horz,26-8,106.01248965116571,185,105.07291781016123,143,0.5255719239372968,148,26.0418391652904,8.958160834709599,15,5,15-5,0.34114737997277783,0.32225445820155624,0.3460060196132145,0.3588882503387877,0.32225445820155624,0.3460060196132145,0.9007951222001788,0.8918904294867613,104.115045219237,110.87986655642825,104.80964378561401,110.4546808165893,106.14689854866792,105.3044187358433,94.11962163674237,118.88500923617566,0.06378739507333583,1,0.0908172948673851,1560.0,1426.0,1402.8875,1.1119922303106984,1.0164749489891385,0,0.75,-4.2609532289323635,93,19,67.97057944606692
149,Texas A&M Corpus Chris,Slnd,20-14,105.94735511438566,187,105.05616717322289,142,0.5242665862731967,149,20,14,12,8,12-8,0.36766174691050824,0.36000824517305596,0.3761493925341984,0.36766174691050824,0.36000824517305596,0.3761493925341984,0.8687033423962437,0.7826461613470846,104.42339885708526,107.2492211403099,104.42339885708526,107.2492211403099,106.0019052606271,103.86409555238964,109.67422763927124,110.803307014139,0.4705876258815195,3,-0.05324770214597074,1429.0,1346.0,1334.4499999999998,1.0708531604780998,1.0086552512270974,0,0.6,-8.46961913803246,168,304,67.46723206498014
150,UC Santa Barbara,BW,21-13,108.46870388455831,132,107.66091739891411,199,0.5214775546195055,150,21,13,11,9,11-9,0.3977916160192278,0.28191730718872504,0.43538418412878566,0.3977916160192278,0.28191730718872504,0.43538418412878566,0.8919402312952789,0.9372352593724874,103.77330348777382,107.919710514782,103.77330348777382,107.919710514782,110.10677258352257,110.12633308551266,100.80297248538136,105.87412479236657,0.3625172895700176,2,0.004791133383656221,1472.0,1444.0,1332.6500000000003,1.104566090121187,1.0835553221025773,0,0.55,-8.041017796609394,159,163,65.28108227760102
151,Sam Houston St.,CUSA,13-19,110.59714335558917,101,109.88909975265314,250,0.518456547878918,151,13,19,6,12,6-12,0.5318649973755185,0.45405824713045545,0.5866318505562906,0.5318649973755185,0.45405824713045545,0.5866318505562906,0.8224150585296758,0.8070371553976953,106.7140863641521,102.77482692433468,106.7140863641521,102.77482692433468,109.95081460367106,107.68153901650714,103.61380555295683,109.26258430348186,0.3519543829194203,3,-0.06837307215632993,1291.0,1337.0,1237.0499999999997,1.0436118184390286,1.0807970575158645,0,0.3333333333333333,-11.57625257525127,229,323,67.8001425002977
152,Radford,BSth,20-13,109.87195033919173,109,109.3873014470825,238,0.5127070378143038,152,20,13,9,7,9-7,0.40552850372397375,0.43429154087670263,0.364189986800611,0.40552850372397375,0.43429154087670263,0.364189986800611,0.8652107887143632,0.8085645612717479,106.24793656612333,108.78373561528831,106.24793656612333,108.78373561528831,111.02219311823582,110.17555589062891,107.62595239472661,108.41472766774574,0.47901869867110775,2,0.011978035182268476,1167.0,1104.0,1013.1999999999999,1.151796288985393,1.0896170548756416,0,0.5625,-7.287658710788297,144,142,62.95909508470341
153,Bryant,AE,23-11,105.83906811749918,191,105.43675706502049,150,0.5109474032249794,153,23.061845946164944,11.938154053835058,14,2,14-2,0.3146096922044579,0.4205438124547441,0.23364130562932386,0.3324964707705133,0.4205438124547441,0.23364130562932386,0.8971699451694902,0.8492523770037084,102.63171297730688,109.8930665366667,103.06476788150152,109.34933760580076,106.8097785810609,105.15033059505366,123.9939790376709,114.330873747407,0.7176973354535372,1,-0.0038191615885661,1304.0,1099.0,1137.9875000000002,1.1458825338591152,0.9657399576005886,0,0.875,-7.089973105157039,141,188,72.39965879615966
154,Western Kentucky,CUSA,17-15,103.36330246205847,228,103.02046379920529,106,0.5095505784608902,154,17,15,8,10,8-10,0.5264960465021361,0.45968093780613284,0.5875996608214872,0.5264960465021361,0.45968093780613284,0.5875996608214872,0.8326110521801232,0.8266626326782086,106.68831911548655,103.54964150265569,106.68831911548655,103.54964150265569,103.31595743412139,104.58725816856258,97.96568131532365,101.53985015223984,0.39841054954987953,3,0.03795329588208424,1286.0,1338.0,1277.9875000000002,1.0062696231379413,1.0469585970128814,0,0.4444444444444444,-8.079813877573125,160,85,71.82782925215147
155,James Madison,SB,20-12,110.29947382671878,104,109.93809646698196,252,0.5094337904613498,155,20,12,13,5,13-5,0.43054903967235464,0.48008293395344825,0.38145893191433267,0.43054903967235464,0.48008293395344825,0.38145893191433267,0.8939928065637052,0.8636826301749932,105.0736922712367,106.88358725855925,105.0736922712367,106.88358725855925,108.91887650964897,110.60580001570548,119.15638918884801,111.54085021013539,0.6812512954904294,1,0.05051573234437701,1315.0,1279.0,1184.3125,1.1103488310728797,1.0799514486252573,0,0.7222222222222222,-7.320558943462658,145,60,64.97174936054405
156,San Jose St.,MWC,15-19,106.67222899543634,162,106.39000602380366,175,0.5076158852325822,156,15.481253165371015,19.518746834628985,7,13,7-13,0.5478901968949434,0.35211548908827034,0.6556264281142539,0.5493724658918833,0.35211548908827034,0.6556264281142539,0.8062752881584961,0.9126046289375972,108.06037945682209,104.10365182178985,108.00553046386364,104.05742108934119,108.61531664586849,107.95273472466413,103.91272428982793,107.43957278996643,0.40520154920448903,7,-0.022932062363842487,1391.0,1510.0,1350.0375000000001,1.0303417497662102,1.118487449422701,0,0.35,-10.456727992219438,206,237,66.26841143545673
157,Cal Baptist,WAC,17-15,104.96679210234913,204,104.73721423840234,135,0.5062946031719613,157,17,15,9,7,9-7,0.4576391434174928,0.49861108302538704,0.4179170160007577,0.4576391434174928,0.49861108302538704,0.4179170160007577,0.874502621711998,0.8487717625339128,103.56608053428654,105.19335388971659,103.56608053428654,105.19335388971659,102.73694644650891,102.30695472495529,129.50382439058967,122.19643730467544,0.6610385985369613,2,-0.02290914531815924,1093.0,1056.0,1076.9875000000002,1.0148678605833399,0.9805127728966212,0,0.5625,-9.606273668416527,192,236,65.85732673703451
158,Temple,Amer,17-15,110.57789635702525,103,110.48502700201345,259,0.5024155777010032,158,17,15,9,9,9-9,0.474439004295037,0.41255719385910267,0.526516564393161,0.474439004295037,0.41255719385910267,0.526516564393161,0.8755527874999376,0.8998090801747061,106.14949683718193,106.46734363238457,106.14949683718193,106.46734363238457,113.37239586490706,112.93979174243279,126.34347614489141,117.7813771561678,0.6914701393849118,1,0.0034087050282235465,1429.0,1460.0,1278.1999999999998,1.1179784071350338,1.1422312627131905,0,0.5,-9.58101629583165,191,168,68.76217685598274
159,Charleston,CAA,24-9,105.28001578392048,199,105.34126549700956,148,0.4983278776717214,159,24,9,13,5,13-5,0.4177479446507618,0.4617226562185116,0.38000993521708337,0.4177479446507618,0.4617226562185116,0.38000993521708337,0.9040433416728768,0.8826623607728279,105.46629556663666,108.52014131079564,105.46629556663666,108.52014131079564,106.48198626341166,106.89109507350474,0,0,0,0,0.1448074531586916,1378.0,1304.0,1253.2250000000001,1.0995631271319992,1.040515470087175,0,0.7222222222222222,-4.58144184998757,101,4,70.29983603761981
160,Murray St.,MVC,16-17,104.83233139689303,209,104.90370050109857,138,0.49804339642265816,160,16,17,9,11,9-11,0.5070310661860087,0.4705777411340863,0.5289684290673564,0.5070310661860087,0.4705777411340863,0.5289684290673564,0.857360658373711,0.8581919380184483,107.00237415699105,106.19998936241932,107.00237415699105,106.19998936241932,104.05103249030174,105.89841998008919,121.87575590809779,95.52711343204476,0.9427464738237408,1,0.00024472381523088504,1374.0,1406.0,1316.9125,1.0433495012007252,1.0676487617818193,0,0.45,-10.623120097899555,210,177,64.73557591532207
161,Appalachian St.,SB,17-14,100.7443402525258,279,100.9154908817631,75,0.4951200737358975,161,17,14,10,8,10-8,0.39977162404366234,0.4725962605705965,0.3605562074193044,0.39977162404366234,0.4725962605705965,0.3605562074193044,0.886208310817561,0.8256728811580736,106.10743510636262,108.79776403555285,106.10743510636262,108.79776403555285,100.2473364154119,100.66639784209592,98.78452918137,101.32747779239712,0.427443050827976,1,-0.04657358641466791,1196.0,1138.0,1155.3250000000003,1.0352065436132687,0.9850042195918894,0,0.5555555555555556,-9.360654782286659,189,290,63.197588689009834
162,Milwaukee,Horz,21-11,106.18038890610191,181,106.37194177769639,172,0.4948182648788104,162,21,11,14,6,14-6,0.38442114627248036,0.45104802457028464,0.34901379942341104,0.38442114627248036,0.45104802457028464,0.34901379942341104,0.9100147809613339,0.8685418176559437,105.4073848833334,109.36812676303822,105.4073848833334,109.36812676303822,106.0532202289148,106.39546051226459,0,0,0,0,0.04921420420628375,1549.0,1423.0,1388.3750000000002,1.1156928063383451,1.02493922751418,0,0.7,-6.996359553715349,139,61,68.71678396481532
163,Rhode Island,A10,18-13,107.60730881998376,147,107.94859615427906,205,0.49089708547444805,163,18,13,7,11,7-11,0.4707809004234419,0.32767457234365943,0.5715520723463202,0.4707809004234419,0.32767457234365943,0.5715520723463202,0.8791983702185092,0.9422214774598411,105.39108199713908,106.13216162890045,105.39108199713908,106.13216162890045,106.75379809257569,108.76677234542463,102.84109435876265,112.03078733127121,0.272045342076208,1,0.048440020305564935,1320.0,1381.0,1269.1875000000002,1.0400354557541733,1.0880977003003889,0,0.3888888888888889,-7.886848517115909,156,63,70.41657384146366
164,UC Riverside,BW,21-13,109.61784661749604,112,110.06028155989108,254,0.4884214711116874,164,21,13,14,6,14-6,0.48656638619556414,0.5361884659405102,0.4386170890183062,0.48656638619556414,0.5361884659405102,0.4386170890183062,0.8159429246088999,0.7351170145906701,107.03276789306693,105.72038906977932,107.03276789306693,105.72038906977932,110.61895171307444,109.1725837867181,110.49279872994887,111.06213232146987,0.48522839145719665,6,0.11710556195427424,1529.0,1473.0,1378.875,1.1088749886682985,1.0682621702474844,0,0.7,-4.79247493293207,105,10,67.04061576002181
165,East Tennessee St.,SC,19-13,104.95751808569904,205,105.49720953791163,151,0.48525890404234423,165,19,13,12,6,12-6,0.371327846460205,0.34712395856843953,0.3789375570452959,0.371327846460205,0.34712395856843953,0.3789375570452959,0.9153387673202045,0.9193658889511583,104.7935850494086,109.73767136392986,104.7935850494086,109.73767136392986,105.286530864535,104.70723989672841,0,0,0,0,-0.01738999268811947,1266.0,1180.0,1163.4375,1.0881547139403707,1.0142358313188289,0,0.6666666666666666,-9.189330684809523,184,225,65.04950621320373
166,Marshall,SB,20-13,105.86968465314911,189,106.50082014352054,177,0.4829184025768182,166,20,13,12,6,12-6,0.38005022489051093,0.3473792464991044,0.38751328642221183,0.38005022489051093,0.3473792464991044,0.38751328642221183,0.9019146547969191,0.8820039695813447,105.32218689368241,109.27907915274136,105.32218689368241,109.27907915274136,108.16261337902006,107.51833068741038,77.32013999991362,96.79869327056554,0.07018775297048677,1,0.0010427461055858567,1348.0,1269.0,1216.3874999999998,1.1081994841282077,1.0432530751919107,0,0.6666666666666666,-8.655247936497513,174,174,68.6609710880927
167,Florida Gulf Coast,ASun,18-14,107.53871156116934,149,108.18292922675957,213,0.482835254993978,167,18,14,13,5,13-5,0.40306287081614117,0.5207216895878596,0.32038035567977974,0.40306287081614117,0.5207216895878596,0.32038035567977974,0.8883787043517907,0.8238802119449817,105.2490324508465,109.33694530452219,105.2490324508465,109.33694530452219,109.32413772698217,109.20546350375402,105.54799465947038,94.27278734072551,0.7856989378168946,1,-0.01802937575765806,1382.0,1281.0,1197.575,1.1539987057178047,1.0696616078324948,0,0.7222222222222222,-9.190581400220102,185,226,65.25433758697045
168,Towson,CAA,22-11,106.16591600158628,182,106.83948559742737,183,0.4818251948180644,168,22,11,16,2,16-2,0.4272430505684737,0.5131186992789194,0.3678572371930969,0.4272430505684737,0.5131186992789194,0.3678572371930969,0.8840222708025178,0.8249562977500541,105.44668209160838,107.94978036643195,105.44668209160838,107.94978036643195,107.93931176104984,106.61818283411671,120.29006736903641,108.06255849646206,0.7742997213189569,1,0.11453427303106511,1310.0,1185.0,1159.0625,1.1302237799946078,1.0223779994607711,0,0.8888888888888888,-5.870853617638078,122,12,63.57167355767314
169,Winthrop,BSth,23-11,107.5197442210893,150,108.2170216418237,214,0.48142405732908633,169,23,11,11,5,11-5,0.37017968723886296,0.3494015252291609,0.3680143290654974,0.37017968723886296,0.3494015252291609,0.3680143290654974,0.8910739327200888,0.8645823517446287,105.55111907145098,109.23560135983283,105.55111907145098,109.23560135983283,108.92935528292772,112.50596957162304,97.40801796218928,92.47721116556448,0.645057168185889,2,0.05903988497905821,1361.0,1310.0,1187.2749999999999,1.1463224610978924,1.1033669537386033,0,0.6875,-6.15691839645834,125,48,72.67195983801577
170,Nicholls St.,Slnd,20-13,105.55528226373966,194,106.24808886162461,170,0.48120060965759043,170,20,13,13,7,13-7,0.4029499703316875,0.449347238666296,0.37743621787487724,0.4029499703316875,0.449347238666296,0.37743621787487724,0.8699093924529985,0.7861594133623012,104.2021429925348,106.09030356471035,104.2021429925348,106.09030356471035,107.42623331413685,107.09000587429011,104.4551437091096,109.21663770215962,0.3745794647725975,3,0.02891548726621862,1491.0,1401.0,1366.325,1.091248421861563,1.0253782957934605,0,0.65,-7.501620242604049,149,110,68.16858477636326
171,UNC Greensboro,SC,20-12,105.48731183080102,195,106.20043364825898,168,0.4806393336593105,171,20,12,13,5,13-5,0.37785846347087687,0.3896541574090182,0.37943957693080455,0.37785846347087687,0.3896541574090182,0.37943957693080455,0.8978113915963264,0.8693488456267434,105.38185120450534,109.23274266517193,105.38185120450534,109.23274266517193,108.71144205858873,107.18310640599694,96.79309436028618,97.32644389268484,0.4842069098597344,2,0.02144620143549336,1308.0,1207.0,1157.1875,1.130326762084796,1.043046178773967,0,0.7222222222222222,-7.603946360668346,151,127,63.730068470966145
172,Lamar,Slnd,20-13,101.35107293437525,267,102.32560402184481,94,0.4725155176067242,172,20,13,14,6,14-6,0.40817651670897875,0.40726388079995623,0.3855666297418592,0.40817651670897875,0.40726388079995623,0.3855666297418592,0.8666919409227034,0.8039254837577849,105.34166594758321,106.77952299234813,105.34166594758321,106.77952299234813,102.53814082988507,102.16217037017016,106.0298905020915,120.38440021213248,0.18844552262681694,2,0.04144184428129383,1362.0,1277.0,1305.075,1.0436181828630537,0.978487826370132,0,0.7,-7.386878782341154,147,79,65.34117223149698
173,Boston College,ACC,12-19,105.24230296405726,200,106.2681496849496,171,0.47214059419781323,173,12,19,4,16,4-16,0.6112104845857238,0.39883489977423975,0.72801705623204,0.6112104845857238,0.39883489977423975,0.72801705623204,0.7657138552347975,0.8834460794499073,109.27041578710012,103.96949723646352,109.27041578710012,103.96949723646352,105.94066683453204,107.1208809113094,115.158842391377,111.58846764573255,0.5895702529320586,5,0.003458298845385621,1398.0,1592.0,1390.3500000000001,1.0055022116733197,1.1450354227352824,0,0.2,-9.815427430234193,196,167,66.74023779148887
174,Cleveland St.,Horz,21-12,102.66356645327912,241,103.69498408350464,112,0.4712918225001759,174,21,12,14,6,14-6,0.3543608698090297,0.364967784592781,0.3513148320578069,0.3543608698090297,0.364967784592781,0.3513148320578069,0.9021752345256758,0.8430326532367935,104.53238345723271,109.36495640562534,104.53238345723271,109.36495640562534,107.33556747429618,104.44696435978094,94.59114553730718,112.94280635755806,0.11515297515538941,2,0.012000010436072794,1484.0,1351.0,1324.2125,1.1206660562409734,1.0202290040306974,0,0.7,-7.727277315193302,153,141,65.55710802563829
175,Eastern Kentucky,ASun,18-14,109.5661647722009,113,110.8542019244064,265,0.46644970214757403,175,18,14,12,6,12-6,0.39818842031529106,0.46980673016733515,0.3402677941322403,0.39818842031529106,0.46980673016733515,0.3402677941322403,0.8683480817024871,0.7940777146976494,105.42993036347679,108.77404692126392,105.42993036347679,108.77404692126392,107.23005830400686,111.53613018403469,117.00293633021813,101.35324594660838,0.8390601921898954,2,-0.008834255020346848,1424.0,1352.0,1253.05,1.1364271178324887,1.0789673197398348,0,0.6666666666666666,-8.60491004739367,172,200,67.62634214290323
176,Purdue Fort Wayne,Horz,19-13,107.57806467481959,148,108.89626738794425,232,0.46504253931481676,176,19,13,12,8,12-8,0.37187563895795656,0.39983899201075457,0.3519261612797681,0.37187563895795656,0.39983899201075457,0.3519261612797681,0.8948521130430926,0.8328071229184922,104.74178809852937,109.13640484158431,104.74178809852937,109.13640484158431,106.76858519455826,108.65869374028424,93.24863697666756,117.02676518527606,0.0683680554395609,1,0.0013525967498121405,1596.0,1525.0,1438.2624999999998,1.1096722608007927,1.060307141429329,0,0.6,-8.541588958224303,170,172,69.63431400251707
177,Dartmouth,Ivy,14-14,100.56643234873485,282,101.84650400680498,91,0.46370014515020286,177,14,14,8,6,8-6,0.36216408894405855,0.2827819740024855,0.4190898604544052,0.36216408894405855,0.2827819740024855,0.4190898604544052,0.9127016212190345,0.9322887389224885,105.18454756405247,110.02523446412283,105.18454756405247,110.02523446412283,102.00309466743185,98.68132997813163,0,0,0,0,-0.1004606833515318,1059.0,988.0,1006.2875000000001,1.0523831410009563,0.9818267642199668,0,0.5714285714285714,-10.60795026418303,209,350,70.81643773750736
178,Rice,Amer,13-19,106.46012222896283,168,107.95102369100607,206,0.460101911091297,178,14,18,4,14,4-14,0.43789403201250815,0.3111268083567263,0.537145477601391,0.43789403201250815,0.3111268083567263,0.537145477601391,0.8877113899016879,0.9336290658882654,104.97073645051954,107.17692746191287,104.97073645051954,107.17692746191287,109.65073753936088,110.88505017325933,114.08802494508217,112.52958565671787,0.5394608823113588,1,-0.12500220938736162,1276.0,1332.0,1178.1499999999999,1.0830539404999364,1.1305860883588679,0,0.2222222222222222,-14.08889010061971,279,358,65.44281185260371
179,Southern Illinois,MVC,14-19,106.19119834475146,180,107.7628216097022,202,0.4578621570952416,179,14,19,8,12,8-12,0.4916267548674526,0.4475265030221415,0.5036639394366805,0.4916267548674526,0.4475265030221415,0.5036639394366805,0.8592083529780137,0.8336317719889212,108.12743125630749,106.62662138554329,108.12743125630749,106.62662138554329,106.52595117416422,108.48511617058548,109.04640468756358,105.52697617312717,0.5932167595423518,1,-0.05626178362835721,1434.0,1487.0,1352.1250000000005,1.0605528335028194,1.0997503929000643,0,0.4,-12.881414092628317,253,311,67.91733637231927
180,Ohio,MAC,16-16,106.6716796517743,163,108.34524121408468,217,0.4553637245169688,180,16,16,10,8,10-8,0.4017433432878062,0.4235931251651742,0.39038584936696746,0.4017433432878062,0.4235931251651742,0.39038584936696746,0.9024759938348906,0.8867092805372528,105.86939709509612,109.58028580023131,105.86939709509612,109.58028580023131,106.99696982137625,108.1207097404986,105.10639034494477,113.02884872104356,0.3024401164394936,1,-0.062375932290279046,1451.0,1381.0,1301.5125000000003,1.1148567532006028,1.0610731744796917,0,0.5555555555555556,-11.701636179768693,233,320,70.34992021183653
181,UTSA,Amer,12-19,107.08016843194594,159,108.90235494065612,233,0.4516393015737432,181,12,19,6,12,6-12,0.48956440189591643,0.42784314570043697,0.53286018616079,0.48956440189591643,0.42784314570043697,0.53286018616079,0.8456485864404414,0.8214240812467715,107.09917571611172,105.71683309279155,107.09917571611172,105.71683309279155,108.94980987716369,109.57101505133683,107.84685633205972,102.45462211441414,0.6433331821995767,2,-0.08428837328587874,1347.0,1384.0,1244.3374999999996,1.0825037419510386,1.1122384401338066,0,0.3333333333333333,-12.744432316911865,250,339,69.74911072015159
182,East Carolina,Amer,19-14,106.43470070740682,170,108.2741855814601,216,0.4508953594708669,182,19,14,10,8,10-8,0.453826593620642,0.3489717617429283,0.5175763256596952,0.453826593620642,0.3489717617429283,0.5175763256596952,0.8866574424009005,0.9179374605692066,106.76534345815799,107.69858347755202,106.76534345815799,107.69858347755202,107.04097884469783,108.4455579168527,98.395032767754,94.96577370335004,0.6005958389969643,1,0.05656995877128512,1351.0,1358.0,1243.5375000000001,1.08641677472533,1.0920458771850465,0,0.5555555555555556,-8.87589879705121,178,51,66.5332999768246
183,Miami FL,ACC,7-24,112.6644876657174,71,114.6254012798917,324,0.45055354542731985,183,7,24,3,17,3-17,0.6421788904649307,0.47345541443759925,0.7349768022799631,0.6421788904649307,0.47345541443759925,0.7349768022799631,0.7208090443507759,0.8060069490297711,109.82168269653985,102.2229352372618,109.82168269653985,102.2229352372618,110.02720491010963,114.72004412868368,118.03431704298474,115.25079137707291,0.5681840262561157,7,-0.11674955914946109,1405.0,1677.0,1366.5249999999999,1.0281553575675528,1.22720038052725,0,0.15,-13.46397384076839,268,357,67.47966073198774
184,Drexel,CAA,18-15,103.78492046945911,221,105.64310901443535,159,0.449157067307314,184,18,15,9,9,9-9,0.3607642131387243,0.3284845636887808,0.3771194954531007,0.3607642131387243,0.3284845636887808,0.3771194954531007,0.9301358209491537,0.9332448832777043,104.60914096878959,110.00259255276048,104.60914096878959,110.00259255276048,100.19151970592023,102.56015828707407,0,0,0,0,-0.047039288145257596,1212.0,1187.0,1172.3124999999998,1.0338540278296104,1.0125286559684386,0,0.5,-11.68911978456162,232,292,62.971515831761494
185,South Carolina St.,MEAC,20-13,102.58514232391067,242,104.50221820235863,129,0.4469690399692555,185,20,13,11,3,11-3,0.2860978518194111,0.3844179440574322,0.18748760766450692,0.2860978518194111,0.3844179440574322,0.18748760766450692,0.9097253095546289,0.8479491055430042,102.36158621715575,111.2791106166945,102.36158621715575,111.2791106166945,105.1491551648452,106.69250863634696,108.97586573651299,92.05739252544711,0.8743756103564925,2,-0.06103595855647237,1164.0,1007.0,1021.025,1.1400308513503588,0.9862638035307657,0,0.7857142857142857,-9.147131683693349,182,317,69.17835314285769
186,Cal Poly,BW,16-19,108.76674036330331,123,110.81010908759416,263,0.4466926717734893,186,16,19,8,12,8-12,0.4840424745265288,0.5450421375071891,0.4426993581538608,0.4840424745265288,0.5450421375071891,0.4426993581538608,0.8380331546693491,0.7659986715097449,105.48123226365594,105.42298120204302,105.48123226365594,105.42298120204302,104.97372655057649,109.9749013529011,111.60962557842586,106.989865998736,0.6191970570771729,3,-0.013353113085073864,1595.0,1625.0,1509.4750000000004,1.0566587720896337,1.0765332317527614,0,0.4,-11.645671451634662,231,212,74.49478580805624
187,Portland St.,BSky,19-13,100.87146774861489,275,102.82596595714314,102,0.44504930908437756,187,19,13,11,7,11-7,0.35661301604751877,0.344379775041691,0.3676504631750058,0.35661301604751877,0.344379775041691,0.3676504631750058,0.9181342807722553,0.9100930740054581,105.44237807459574,110.04005439457087,105.44237807459574,110.04005439457087,100.75869936654136,99.3922761223086,0,0,0,0,0.004184362026372956,1264.0,1184.0,1207.5249999999999,1.0467692180286123,0.9805180016976875,0,0.6111111111111112,-9.317623745110726,188,165,68.2224868647271
188,Montana St.,BSky,15-18,104.75318018176941,210,106.85191029921333,184,0.44321484156625907,188,15,18,9,9,9-9,0.4431823671738695,0.5374750899413332,0.3678499683113976,0.4431823671738695,0.5374750899413332,0.3678499683113976,0.8610955694084093,0.7724318874855146,106.08699282471879,107.52731071147942,106.08699282471879,107.52731071147942,103.96324524509595,108.02022155544842,106.73258953486011,104.66957799351168,0.5558799282806138,3,-0.0526847139602033,1279.0,1241.0,1182.6125,1.081503873838641,1.0493716242640765,0,0.5,-12.040615802189691,239,303,65.94930237376082
189,Jacksonville,ASun,19-13,101.35480396133063,266,103.67353360859545,110,0.4353329094228915,189,19,13,12,6,12-6,0.4098708800019918,0.5012453622605134,0.3335428333262523,0.4098708800019918,0.5012453622605134,0.3335428333262523,0.8636443050556449,0.7690160691323128,107.17705057711565,109.68956488309298,107.17705057711565,109.68956488309298,101.41779919809588,102.80801025584739,100.05521441013815,113.27306802560928,0.19358037128930505,2,0.05270314439151891,1318.0,1232.0,1220.2000000000003,1.0801507949516471,1.0096705458121618,0,0.6666666666666666,-7.445880868005345,148,56,67.39256335870314
190,Queens,ASun,19-14,106.04616091072106,184,108.55232173527314,221,0.4332472012848505,190,19.609729219262388,14.390270780737612,11,7,11-7,0.38657126579780354,0.4089468765873363,0.341518770000757,0.38486450891192786,0.4089468765873363,0.341518770000757,0.8736140907711315,0.8174962775230632,105.36708177798928,109.29347782472797,105.31607590561376,109.32765636396756,107.62913490360734,109.5575535826891,92.85400915385357,103.79590382597354,0.21736686778601585,2,0.017064867074458978,1416.0,1344.0,1248.225,1.134410863426065,1.076728955116265,0,0.6111111111111112,-8.547022291044957,171,134,68.47569420434328
191,Illinois Chicago,MVC,18-14,105.45659625830801,196,107.99017400257105,208,0.43216608410052876,191,18,14,10,10,10-10,0.4740727566998028,0.3919331869454087,0.5238935909203714,0.4740727566998028,0.3919331869454087,0.5238935909203714,0.8695829408149119,0.8860518747519192,106.83517793343619,105.64457041348716,106.83517793343619,105.64457041348716,107.81044279850876,109.18068785621197,107.0022882084336,114.84194236212156,0.30722490954583215,2,0.08932591980668042,1477.0,1496.0,1371.0374999999997,1.0772863616057184,1.091144480001459,0,0.5,-8.36898564423169,167,20,69.09964830580518
192,Oakland,Horz,16-18,106.38122452604563,173,108.98202471069692,234,0.4310007311997105,192,16,18,11,9,11-9,0.45082800246828625,0.636486563808203,0.3552578322399079,0.45082800246828625,0.636486563808203,0.3552578322399079,0.8395507347020134,0.660484717465295,106.8326289018856,107.84391408676373,106.8326289018856,107.84391408676373,106.23465279708519,110.59431782386439,105.89948714118783,116.49811709932392,0.2503166763870006,5,-0.01996029341768024,1444.0,1425.0,1314.3125,1.0986732607351752,1.0842170336202388,0,0.55,-11.134882644078074,219,230,63.62510193816257
193,Wyoming,MWC,12-20,102.99685474430116,238,105.55002092484145,154,0.43006278542268445,193,12,20,5,15,5-15,0.5691955808622897,0.40385135724595816,0.6632138886313714,0.5691955808622897,0.40385135724595816,0.6632138886313714,0.775675203035818,0.828891860338898,109.0533122880716,104.4052695281467,109.0533122880716,104.4052695281467,103.82831810380088,106.13733698741464,105.72098531246895,111.9891709904632,0.3402038678874716,7,-0.0169311011625064,1271.0,1424.0,1289.8375,0.9853954471008944,1.1040150406543459,0,0.25,-11.038452460950975,216,223,64.55675947233712
194,Central Connecticut,NEC,25-7,99.09422331469628,307,101.62001083279222,89,0.4281391989722231,194,25,7,14,2,14-2,0.23753248529479426,0.34205635376338783,0.170665844672112,0.23753248529479426,0.34205635376338783,0.170665844672112,0.9475565433511951,0.9060594171347299,100.38086686939616,111.80216953057344,100.38086686939616,111.80216953057344,100.73958009307813,102.64720825924208,0,0,0,0,0.0740353988738166,1154.0,967.0,1051.8124999999998,1.0971537227405077,0.9193653811872365,0,0.875,-4.655473737802669,102,33,65.58342365685698
195,Norfolk St.,MEAC,24-10,106.33928395758937,176,109.09334895406666,236,0.4270138085600563,195,24.021514998934684,10.978485001065316,11,3,11-3,0.3150136649705903,0.43412683781855427,0.19027852207767496,0.3337658743948425,0.43412683781855427,0.19027852207767496,0.8707373256198639,0.8133997870159462,102.91259373722956,109.96849449334479,103.69082327033422,109.47221334028569,107.40851927807304,111.69951426269573,107.29395507121778,105.6802716423415,0.5434580500324137,2,0.07876100952049248,1135.0,1009.0,980.3375,1.1577645453734047,1.029237379983934,0,0.7857142857142857,-5.299355762242613,115,29,66.37872404446729
196,Southeast Missouri St.,OVC,21-12,101.61827439483841,263,104.46526381202568,128,0.421221965615644,196,21,12,15,5,15-5,0.2973102247876165,0.3870926787409456,0.24271915197340604,0.2973102247876165,0.3870926787409456,0.24271915197340604,0.9259747476940369,0.8623922891925431,101.6618911191063,108.93575385282811,101.6618911191063,108.93575385282811,104.04574753024667,106.3290805647376,111.98724561274378,101.38622390497528,0.7583490207422705,1,-0.0028679604167507478,1490.0,1336.0,1369.9125000000004,1.0876607082569139,0.9752447692827094,0,0.75,-8.685897511346855,176,184,68.89024393606977
197,Northeastern,CAA,17-15,104.0099441914887,218,107.01803541674357,188,0.4187577742974879,197,17,15,9,9,9-9,0.3846338521675788,0.38612568827918703,0.3826564741303346,0.3846338521675788,0.38612568827918703,0.3826564741303346,0.9119596172722512,0.9014929580302211,103.37948847172956,108.02022720090503,103.37948847172956,108.02022720090503,104.46162702874453,108.3639495148,114.80848008185957,116.09371331828413,0.46803802401193245,1,-0.00723778122525387,1254.0,1265.0,1188.5875,1.0550338111413757,1.0642884936952475,0,0.5,-11.096472690555776,217,198,67.50025674222071
198,Merrimack,MAAC,18-15,98.43985005952113,315,101.34731140523985,85,0.41708827074763527,198,18,15,14,6,14-6,0.3702511228494305,0.6013951819043434,0.24913914001784748,0.3702511228494305,0.6013951819043434,0.24913914001784748,0.8784482910292575,0.7209060997545255,103.80411289245691,109.11686109239403,103.80411289245691,109.11686109239403,99.0560344530597,101.36120030586562,100.05375116712942,97.35511187080995,0.577967812529905,2,-0.01622465560134112,1359.0,1234.0,1297.5625,1.047348393622658,0.9510139203313905,0,0.7,-9.877063657439612,197,221,64.48798452611666
199,Abilene Christian,WAC,16-16,98.20530244131284,318,101.12034015003323,81,0.4166872708711763,199,16,16,8,8,8-8,0.42389262149560686,0.4096195547227896,0.42887747949151056,0.42389262149560686,0.4096195547227896,0.42887747949151056,0.8655088714454683,0.8343338244614881,104.03254477818986,105.019228323011,104.03254477818986,105.019228323011,97.57406602045444,99.60931216351322,96.22189212766476,115.56197814688468,0.10849315170303235,2,-0.014445347344471449,1096.0,1108.0,1141.3374999999999,0.9602768681481159,0.9707908484563068,0,0.5,-10.415162165459071,205,217,69.17188834346331
200,Pepperdine,WCC,13-22,106.45648236519754,169,109.65781936247294,245,0.415632711568518,200,13,22,4,14,4-14,0.5352331624262544,0.3990898324897917,0.5972930738768363,0.5352331624262544,0.3990898324897917,0.5972930738768363,0.7789807995912152,0.8438392637133453,107.9679771104901,104.9807295501904,107.9679771104901,104.9807295501904,105.77482027572545,111.03850271757678,112.0354356504575,115.91959636076606,0.40325074384262444,9,-0.04659446094512559,1287.0,1474.0,1261.3374999999999,1.020345466617777,1.1686007908271974,0,0.2222222222222222,-12.414220170147074,243,291,69.08221405809455
201,Brown,Ivy,14-13,102.44835805829885,244,105.62274095874446,156,0.41315915258373964,201,14,13,6,8,6-8,0.3939496885786208,0.35926331509719234,0.4261584639542328,0.3939496885786208,0.35926331509719234,0.4261584639542328,0.8731881414232782,0.8486061548088386,105.38236382122744,109.04225808628725,105.38236382122744,109.04225808628725,102.31461269519369,106.25516267761374,95.00775648208389,105.44964200798059,0.23162428454682393,2,-0.02477067652746212,997.0,1021.0,955.9499999999999,1.0429415764422827,1.0680474920236416,0,0.42857142857142855,-8.649360848161422,173,240,65.81601210459414
202,South Florida,Amer,13-19,102.34986890170515,247,105.61170103052288,155,0.4107708598953767,202,13,19,6,12,6-12,0.49044562195111796,0.3852933052040025,0.5626566472885407,0.49044562195111796,0.3852933052040025,0.5626566472885407,0.843673461531398,0.8390323546274223,107.8581993156883,107.72779319075553,107.8581993156883,107.72779319075553,101.94171184852986,104.76950256709358,130.6687364061569,120.96260973344535,0.7083977244389914,3,-0.040766885480311266,1289.0,1347.0,1256.8625000000002,1.0255696227709872,1.0717162776357794,0,0.3333333333333333,-12.490963293414081,245,285,68.31584534811105
203,Indiana St.,MVC,14-18,108.46351175883568,133,112.17987564704165,292,0.4043354886250799,203,14,18,8,12,8-12,0.46320038853108303,0.3394336654299625,0.5315389978080666,0.46320038853108303,0.3394336654299625,0.5315389978080666,0.8704811348953522,0.8931626762030827,106.07585786234334,106.300449924964,106.07585786234334,106.300449924964,108.07022304593065,111.1388230928823,116.37223919030264,113.40984354465223,0.5735957249462745,2,-0.024824172821688972,1546.0,1612.0,1437.8999999999999,1.0751790806036583,1.1210793518325337,0,0.4,-12.43566245482485,244,241,72.37961073931986
204,Hampton,CAA,17-16,103.40852839084806,227,107.08722010205508,190,0.4008327874099095,204,17,16,8,10,8-10,0.3906936000907768,0.3690512818290683,0.39086241521422527,0.3906936000907768,0.3690512818290683,0.39086241521422527,0.9021816387604441,0.8880964407565723,105.764340618623,108.83290627782802,105.764340618623,108.83290627782802,103.52951810478082,107.27613412903139,0,0,0,0,-0.013498073779694919,1266.0,1270.0,1199.4249999999997,1.05550576317819,1.058840694499448,0,0.4444444444444444,-11.540681629485421,228,213,65.55753516581142
205,Texas St.,SB,16-16,108.35987432029263,135,112.24141670607536,293,0.40017564555763335,205,16,16,9,9,9-9,0.40149544757258887,0.39987902829157246,0.4120929705318612,0.40149544757258887,0.39987902829157246,0.4120929705318612,0.8979839882584263,0.8922813182246172,103.85013941975944,106.98910815552021,103.85013941975944,106.98910815552021,110.2585192125111,114.06430709455789,0,0,0,0,-0.01725407395992573,1390.0,1373.0,1246.4125000000001,1.1152006257960345,1.1015614814517665,0,0.5,-11.515044696736275,227,224,66.00973658713043
206,Missouri St.,MVC,9-23,101.85551769035845,260,105.66137663636803,160,0.3960700310520956,206,9,23,2,18,2-18,0.4853200229543787,0.4171029387282896,0.5179585477743625,0.4853200229543787,0.4171029387282896,0.5179585477743625,0.8680992167922293,0.8828810955080871,108.29256948748935,107.38976570507423,108.29256948748935,107.38976570507423,101.95375416848948,107.396040778718,116.81500433790274,104.36479950800181,0.7851676592717773,1,-0.15309830138038416,1298.0,1416.0,1289.0500000000002,1.0069430976300375,1.0984833792327682,0,0.1,-17.275685774036223,330,362,63.833452454607695
207,Princeton,Ivy,19-11,103.34255155796808,229,107.2246023326338,191,0.3955408925299776,207,19,11,8,6,8-6,0.4447939611575315,0.43982588518906063,0.4286259031816337,0.4447939611575315,0.43982588518906063,0.4286259031816337,0.8864982946939435,0.887134842614611,106.77882474928911,107.7610985522139,106.77882474928911,107.7610985522139,102.08136752677323,108.8954941207212,0,0,0,0,0.1613707040085453,984.0,1023.0,943.1875,1.043270823669737,1.0846199721688423,0,0.5714285714285714,-6.320803753785492,128,2,66.70562962436168
208,Southeastern Louisiana,Slnd,18-14,104.21866192977268,216,108.15192088373661,211,0.39507578346013295,208,18,14,12,8,12-8,0.3750062553903928,0.37005354058146694,0.37981608527996846,0.3750062553903928,0.37005354058146694,0.37981608527996846,0.8967351420674794,0.8667567362096928,104.15654878855597,108.20439544782624,104.15654878855597,108.20439544782624,105.80105919821521,110.00315890016,92.91477432009732,95.35154086840839,0.42611739320780684,1,0.03125480102628031,1456.0,1420.0,1344.8500000000004,1.0826486225229577,1.0558798379001373,0,0.6,-9.574890522378551,190,105,67.00777121500325
209,Idaho St.,BSky,15-15,105.85474553727715,190,109.90849367875276,251,0.3936074110155559,209,15,15,10,8,10-8,0.37881324688377205,0.3820615642309784,0.3732502976870748,0.37881324688377205,0.3820615642309784,0.3732502976870748,0.8866029732952979,0.8284805468665003,105.50126562394244,108.64962017948118,105.50126562394244,108.64962017948118,108.92974576568366,111.47602725255575,115.79181184816271,110.2982538250983,0.6362133096967543,2,-0.038726229489973396,1356.0,1306.0,1202.375,1.127767959247323,1.0861835949682919,0,0.5555555555555556,-10.55135691765863,207,278,65.8873162591114
210,Youngstown St.,Horz,21-13,102.41486231551255,246,106.46673678059868,176,0.3902625388922375,210,21,13,13,7,13-7,0.34900139379357126,0.2992920327737431,0.3592504963820054,0.34900139379357126,0.2992920327737431,0.3592504963820054,0.9177216598522197,0.9010419420425314,104.49045216611059,110.13182983640691,104.49045216611059,110.13182983640691,105.4000218789881,106.6788361549003,77.5850026319704,100.54095615388806,0.0483055858420282,1,0.05590606322486513,1533.0,1451.0,1394.7624999999998,1.0991118559611406,1.0403204846703293,0,0.65,-9.158504590111646,183,52,69.22727934071972
211,Quinnipiac,MAAC,20-13,101.90899360070728,258,106.00029074297956,166,0.38872878031736846,211,20,13,15,5,15-5,0.317427600980915,0.41122689889450786,0.27063274765494016,0.317427600980915,0.41122689889450786,0.27063274765494016,0.9157496263975293,0.8413740485904504,101.55530999308567,108.73705461302083,101.55530999308567,108.73705461302083,100.97800008264446,103.18319632678092,119.71153285787726,106.86171968013366,0.7868123320603871,1,0.021440835880146336,1515.0,1392.0,1443.3875000000003,1.0496141888439519,0.964397987373453,0,0.75,-9.317401349464868,187,128,71.54772140060871
212,La Salle,A10,14-19,103.24109212946865,231,107.47236547980859,195,0.38653088352338,212,14,19,5,13,5-13,0.5253016825173159,0.43316971231853896,0.5883241005931608,0.5253016825173159,0.43316971231853896,0.5883241005931608,0.8306082521986928,0.8599903944797007,107.1156255730858,105.13999348922961,107.1156255730858,105.13999348922961,101.8008813333336,108.45242255738204,104.5713204663276,108.8927591039013,0.3856384415173472,3,0.024685857731099103,1205.0,1365.0,1232.5749999999998,0.9776281362188914,1.1074376812770015,0,0.2777777777777778,-11.728250041296707,234,118,68.70670414328127
213,Bucknell,Pat,18-15,103.51580068607728,226,107.79661993898176,203,0.3855626106103738,213,18,15,13,5,13-5,0.33215529563840995,0.4952190084028949,0.2319674043209305,0.33215529563840995,0.4952190084028949,0.2319674043209305,0.8846276020419829,0.7617240901254299,103.30778387149783,109.79391770345242,103.30778387149783,109.79391770345242,107.20405186708155,108.13946082604335,100.24512160797937,103.54585499332846,0.40792359832868813,3,-0.038038720162710815,1385.0,1266.0,1232.3,1.123914631177473,1.0273472368741379,0,0.7222222222222222,-10.334277319953117,204,275,67.51200493996646
214,Southern,SWAC,20-12,98.62581696423712,312,102.81581415251463,101,0.3826134075860228,214,20,12,15,3,15-3,0.3102548523704413,0.5141376992314979,0.1701312750724701,0.3102548523704413,0.5141376992314979,0.1701312750724701,0.8811286115249084,0.7444674786421535,101.55487721063137,109.11595543774116,101.55487721063137,109.11595543774116,100.54245232979389,101.64592593330558,91.48683403921383,93.32914050849384,0.4429299990027146,3,0.017219158686565428,1338.0,1169.0,1263.8749999999998,1.058648996142815,0.9249332410246268,0,0.8333333333333334,-7.241150770776992,143,133,68.42171853498095
215,Central Michigan,MAC,14-17,104.92445892550106,206,109.39336660245252,239,0.38233231631034903,215,14,17,7,11,7-11,0.3914924331534261,0.4549772814256895,0.34564226495679135,0.3914924331534261,0.4549772814256895,0.34564226495679135,0.8583864857711093,0.7692223778626156,106.25104866164526,108.0443899026908,106.25104866164526,108.0443899026908,105.10921210672821,110.83485305372912,91.59567482392747,102.28002058709298,0.2194630085544635,3,-0.07738716037524268,1357.0,1318.0,1236.5875,1.0973748319467889,1.0658364248385173,0,0.3888888888888889,-11.450209957285043,225,333,67.23044876761563
216,SIU Edwardsville,OVC,22-11,101.45060908216968,265,105.77288762963552,163,0.3822982214163692,216,22.01118664115967,11.988813358840329,13,7,13-7,0.27529382175254397,0.3064578210363067,0.24653565265166627,0.29608073103872723,0.3064578210363067,0.24653565265166627,0.902323190742703,0.8646194866350639,101.55865687144245,109.79136373529991,102.3076121437558,109.0917885733657,100.78619044005765,106.99913804035475,96.15917518858511,105.02204249309064,0.2662169804912543,2,0.03255639839498614,1415.0,1333.0,1350.0749999999998,1.0480899209303187,0.9873525544877138,0,0.65,-7.780259611359466,154,99,65.87141204419382
217,Valparaiso,MVC,15-19,105.2936863074165,197,109.82447711840238,248,0.3811913395794748,217,15,19,6,14,6-14,0.46943842106545897,0.3506968439575222,0.518205733542278,0.46943842106545897,0.3506968439575222,0.518205733542278,0.8660939062500099,0.8750939697610195,106.16037472653885,106.0957985913797,106.16037472653885,106.0957985913797,104.75245300195864,111.1575077075745,115.60383075825904,116.57473988990864,0.47597340565469953,2,-0.0031465883082123502,1438.0,1536.0,1377.8875,1.0436265660295199,1.1147499342290281,0,0.3,-12.909464580344569,254,186,67.9622557810133
218,Massachusetts,A10,12-20,101.5729763686613,264,105.96438669632798,165,0.38066095509516495,218,12,20,7,11,7-11,0.5068711233719938,0.4059023095467182,0.5864786133496178,0.5068711233719938,0.4059023095467182,0.5864786133496178,0.8456514362850722,0.8780048096631218,105.92910796413081,105.03530134193454,105.92910796413081,105.03530134193454,102.33568527567967,104.4706227728273,100.78798075962538,107.45084527079345,0.32384324107566753,2,-0.03847568191333789,1295.0,1349.0,1284.7375,1.0079880131155197,1.0500199457087538,0,0.3888888888888889,-13.524335407977194,269,277,70.41343447228996
219,Wright St.,Horz,15-18,108.7160121170713,124,113.4277792586062,311,0.3803852748565195,219,15,18,8,12,8-12,0.37379862896090316,0.39827305235719734,0.36021983510863376,0.37379862896090316,0.39827305235719734,0.36021983510863376,0.9044675664594823,0.8644705605235559,105.28673429535273,109.59874994115519,105.28673429535273,109.59874994115519,107.28689681316237,112.88530093806517,95.23160409838194,114.37901228634819,0.10843126968494149,1,-0.07175330064790059,1524.0,1545.0,1385.05,1.100321288040143,1.115483195552507,0,0.4,-13.756886724602268,272,328,67.37513740373579
220,Seton Hall,BE,7-25,97.46794561420751,327,101.71081225936277,90,0.3798898942034032,220,7,25,2,18,2-18,0.6883620586633177,0.4684434303612081,0.8016613849942832,0.6883620586633177,0.4684434303612081,0.8016613849942832,0.7019256488456159,0.8396828250349525,111.5138363533429,102.36596563232874,111.5138363533429,102.36596563232874,100.23950378658085,105.46014863480002,103.46094744842658,106.66238529289814,0.413272093436814,12,-0.03978325001180416,1251.0,1519.0,1329.6125000000002,0.9408756310579209,1.1424381163684907,0,0.1,-13.185440448134528,262,283,64.42320255381227
221,William & Mary,CAA,17-15,106.54065619702263,166,111.26506110826327,271,0.37778292519946677,221,17,15,11,7,11-7,0.3928084874857277,0.3838273980255877,0.4012347324352466,0.3928084874857277,0.3838273980255877,0.4012347324352466,0.8996428169444595,0.8749232356687929,104.90118571082174,108.10927965851734,104.90118571082174,108.10927965851734,105.73959098098064,109.18815004962394,110.66025034803326,108.1219567886124,0.566320925477063,1,0.029231971758822306,1327.0,1337.0,1249.0500000000002,1.0624074296465311,1.0704135142708457,0,0.6111111111111112,-10.64150013444537,211,108,71.45903313728385
222,Fordham,A10,12-21,106.31587551330088,177,111.1788522531119,270,0.37417574279179966,222,12,21,3,15,3-15,0.5140167391984908,0.3957961111390471,0.5944582765294075,0.5140167391984908,0.3957961111390471,0.5944582765294075,0.839785089115682,0.8619828073876765,106.04540252538695,104.70095290611779,106.04540252538695,104.70095290611779,104.73431106998835,112.55923278213086,104.97271350771652,103.54274932020334,0.539351603177244,2,-0.03493359220202513,1283.0,1446.0,1268.9624999999999,1.0110621866288405,1.1395135790064719,0,0.16666666666666666,-14.115659293688235,280,267,69.6047188369643
223,Campbell,CAA,15-17,101.31395063249055,269,106.03366814498457,167,0.37200513684318504,223,15,17,10,8,10-8,0.3647868583403782,0.3327859562224521,0.38828176636800094,0.3647868583403782,0.3327859562224521,0.38828176636800094,0.896933776467947,0.8628011774854184,104.67125520662742,109.19419867784467,104.67125520662742,109.19419867784467,103.05329913135068,103.73933168925156,109.5068960652953,121.09742653815385,0.23921454650901733,2,-0.06154521271864877,1259.0,1193.0,1185.6875000000002,1.061831216066628,1.0061673079964153,0,0.5555555555555556,-12.646278018276192,247,318,65.86708218702377
224,Northwestern St.,Slnd,16-16,102.15770904136917,249,107.0186301023042,189,0.3694495016006437,224,16,16,12,8,12-8,0.4448676899306988,0.540216956632785,0.3755970383540076,0.4448676899306988,0.540216956632785,0.3755970383540076,0.8451488583654435,0.7267511938507657,105.771945491858,106.44614044200121,105.771945491858,106.44614044200121,102.30564210572948,107.18355020395586,99.37234638246858,103.33918568564233,0.38932703018809717,3,0.04066765181332055,1328.0,1327.0,1288.1625000000001,1.0309258342794483,1.0301495347054428,0,0.6,-9.679884094272346,194,81,63.870408944595425
225,Hofstra,CAA,15-18,97.89550253823407,322,102.6206781616194,96,0.36769996773549857,225,15,18,6,12,6-12,0.3893492328308347,0.435150659341897,0.37465589168071384,0.3893492328308347,0.435150659341897,0.37465589168071384,0.8941697535288851,0.8404354198700464,104.78645942650732,107.79434121297,104.78645942650732,107.79434121297,96.92172757380277,103.25200166015264,88.07829678578695,105.33527202123125,0.11328618975242093,1,-0.04248693650954277,1157.0,1167.0,1154.4375000000002,1.0022196957392668,1.0108819230144548,0,0.3333333333333333,-13.41388447227224,267,286,63.62255124251148
226,UNC Asheville,BSth,21-11,107.15041680065579,156,112.34335800005343,296,0.3671989998208472,226,21,11,11,5,11-5,0.35965781632214494,0.3367531006191644,0.3820031950698064,0.35965781632214494,0.3367531006191644,0.3820031950698064,0.8914297386121395,0.8601719760430308,106.03057295005911,109.43094275336288,106.03057295005911,109.43094275336288,108.91086562167344,113.60316453373967,92.47693611345048,114.18110205526591,0.08132304758358158,1,0.1184404088996508,1297.0,1283.0,1138.25,1.13946848231935,1.1271688996266198,0,0.6875,-6.481809159989722,131,9,67.86625396421972
227,Richmond,A10,10-22,103.54821553941755,225,108.6222645371393,225,0.3658298343780654,227,10,22,5,13,5-13,0.5149325681726643,0.36031188573199785,0.6249804642580836,0.5149325681726643,0.36031188573199785,0.6249804642580836,0.8298092472185101,0.8794058269442201,107.56898968696824,104.71128295480882,107.56898968696824,104.71128295480882,104.05525113966509,107.21781933825046,99.33405069250543,121.33097454791238,0.0910908515796379,3,-0.07925420660167726,1141.0,1263.0,1151.8500000000001,0.9905803707079913,1.0964969397056907,0,0.2777777777777778,-15.03449047815597,299,335,63.863780115749705
228,Elon,CAA,17-15,106.1563405432254,183,111.39520814382738,274,0.3649435926905913,228,17.705652385408854,15.294347614591146,8,10,8-10,0.3750444027615858,0.3753860184546526,0.3706803100654739,0.36953877414475694,0.3753860184546526,0.3706803100654739,0.9091908772470954,0.8836877526175004,104.41239094954628,108.31118313378106,104.27810726321583,108.47879505740605,105.09486574127317,111.82030887176214,111.11150236463867,104.86587845008839,0.6604496009057681,1,0.021154180000403033,1274.0,1275.0,1180.7250000000001,1.0789980732177262,1.0798450104808486,0,0.4444444444444444,-10.972339399691792,215,130,64.99116432637196
229,Longwood,BSth,18-14,105.04346528686463,203,110.3439431555598,257,0.3621320700190136,229,18,14,7,9,7-9,0.36323994233230217,0.33468294635984924,0.38262561886960544,0.36323994233230217,0.33468294635984924,0.38262561886960544,0.9011736686071711,0.8886512544125672,105.7154645324718,110.21866747971171,105.7154645324718,110.21866747971171,106.47525797656,112.94211171252695,117.28610934596368,113.02553776424516,0.6048055748329415,1,0.024081403475540997,1238.0,1252.0,1117.2,1.10812746151092,1.1206587898317222,0,0.4375,-9.745948535627225,195,119,68.98211776608713
230,UMKC,Sum,13-20,100.5470868815007,284,105.63473712106793,157,0.36177857816264336,230,13,20,4,12,4-12,0.407340593901927,0.359543294836458,0.45209218350100205,0.407340593901927,0.359543294836458,0.45209218350100205,0.8780231484001096,0.8570842273734072,108.15810791872136,109.19354863786933,108.15810791872136,109.19354863786933,100.49697880086327,104.43663079181289,94.56116362750898,103.43385820074211,0.26281602479574295,2,-0.09361894559713557,1094.0,1115.0,1044.8375,1.047052771363968,1.0671515905583404,0,0.25,-14.755631477879279,292,345,64.41468533641068
231,Tennessee St.,OVC,17-16,103.0525065689293,237,108.26911216495162,215,0.36172506777776475,231,17,16,12,8,12-8,0.28066817920263853,0.33851296167688905,0.24855640857377873,0.28066817920263853,0.33851296167688905,0.24855640857377873,0.932982116887751,0.8843429535196455,100.7790310417896,109.04528840964983,100.7790310417896,109.04528840964983,103.83758145548441,106.89767719233434,106.64538713083627,94.8082265747746,0.7946212238679637,1,-0.09688287668463713,1537.0,1450.0,1447.625,1.061739055349279,1.0016406182540367,0,0.6,-12.979833552978254,257,347,70.52712143550696
232,Vermont,AE,21-12,99.60901328495922,298,104.74582588165049,136,0.35933154081347285,232,21,12,13,3,13-3,0.3166681793706062,0.4037740258276063,0.25220593598247565,0.3166681793706062,0.4037740258276063,0.25220593598247565,0.9090393202411057,0.8511927551790645,102.8636797278045,109.83429507870319,102.8636797278045,109.83429507870319,103.24149407059419,105.0959537535571,78.34876697451269,104.56979696287623,0.03489571559169996,1,0.05757483784452744,1095.0,1007.0,1008.825,1.085421158278195,0.998190964736203,0,0.8125,-8.1271600676778,161,50,62.616864140763134
233,UT Rio Grande Valley,Slnd,16-15,104.60597057978465,211,110.04885935398458,253,0.35816813507054107,233,16,15,8,12,8-12,0.36400207770506765,0.3070601978786644,0.3953201116095896,0.36400207770506765,0.3070601978786644,0.3953201116095896,0.877401054453385,0.8279854426568748,104.18493289508314,107.38952105578247,104.18493289508314,107.38952105578247,102.43086907160293,111.18527697210655,130.88886725521408,109.88671990171795,0.88198194492186,2,-0.026636678403435088,1421.0,1517.0,1392.4375,1.0205125903317025,1.089456438798869,0,0.4,-10.173231821157797,201,244,70.55491994650066
234,Delaware,CAA,16-20,108.99144029539752,120,114.67457079734433,325,0.3578902414015242,234,16,20,5,13,5-13,0.3975922758574697,0.3861145259002443,0.4033156546273198,0.3975922758574697,0.3861145259002443,0.4033156546273198,0.8992428608676796,0.873108157953073,104.35747920987419,107.43294535422264,104.35747920987419,107.43294535422264,107.13069191132759,117.13376767420725,123.2687036210002,123.17528950600506,0.5021795125865562,1,-0.03973539664651771,1353.0,1444.0,1255.2250000000001,1.077894401402139,1.1503913640980699,0,0.2777777777777778,-15.114588427181502,300,282,70.31052810043097
235,Maine,AE,20-14,99.08994133085324,308,104.2920125265569,127,0.35699776573483666,235,20,14,10,6,10-6,0.3012349668224356,0.33025396369377413,0.2524927544001048,0.3012349668224356,0.33025396369377413,0.2524927544001048,0.9161499894393261,0.8787845385032544,103.06916249818177,110.71179000637785,103.06916249818177,110.71179000637785,100.95145410611141,105.98212433919915,105.84618726873896,102.57981481494657,0.5891558250990185,1,0.013001295568381921,1139.0,1065.0,1064.0375,1.0704509944433351,1.0009045733820472,0,0.625,-10.288093898883801,203,139,65.97298544040402
236,South Dakota,Sum,19-14,108.43313051909513,134,114.33139378909354,319,0.35225848536691895,236,19,14,9,7,9-7,0.40696118368801215,0.33170879735863606,0.4532622957713558,0.40696118368801215,0.33170879735863606,0.4532622957713558,0.8847270255331204,0.8799189504923134,107.21531503676603,109.30598523453143,107.21531503676603,109.30598523453143,108.1395081688759,113.85234825647252,110.38388663686486,116.79858480350651,0.34308012637295393,1,0.09481636924946107,1353.0,1379.0,1200.8500000000001,1.126701919473706,1.1483532497814046,0,0.5625,-8.920049111742589,179,17,74.49999831660944
237,Hawaii,BW,15-16,101.98126101486702,255,107.66329399611357,200,0.34898000608011537,237,15,16,7,13,7-13,0.42942034080159014,0.38785031897897776,0.45228385280402683,0.42942034080159014,0.38785031897897776,0.45228385280402683,0.8820988405226026,0.8983281746851642,105.2934126208328,107.08926083579352,105.2934126208328,107.08926083579352,101.52016653689466,108.65215525829316,122.9430066112368,148.6424939888777,0.10129057320725235,2,0.010603280639052748,1363.0,1454.0,1345.975,1.0126488233436728,1.0802578056798975,0,0.35,-11.10376007720996,218,146,65.85759729754001
238,UT Arlington,WAC,13-18,106.46600427628823,167,112.52289660861939,301,0.3460819345096087,238,13,18,6,10,6-10,0.43288406710810734,0.40638406680266026,0.4375418920268418,0.43288406710810734,0.40638406680266026,0.4375418920268418,0.874772383368411,0.8631431892566057,103.5978064366524,105.18875291723833,103.5978064366524,105.18875291723833,105.29647353947567,113.02951656542702,109.64919757585135,109.54063235736284,0.5028479574373846,2,-0.028302660431137272,1134.0,1184.0,1100.0499999999997,1.0308622335348396,1.0763147129675927,0,0.375,-12.809187969669173,251,249,67.57717972821766
239,Harvard,Ivy,12-15,102.06572676399084,252,107.87763047956544,204,0.3459529969880636,239,12,15,7,7,7-7,0.4072237993901962,0.3766810579938553,0.43558491640108415,0.4072237993901962,0.3766810579938553,0.43558491640108415,0.8818877390686217,0.8695910094214411,104.77636556045792,107.7685964966055,104.77636556045792,107.7685964966055,103.60965753912332,107.60661061805008,109.5949995012023,105.0778592974696,0.6187006507059047,1,-0.018103750158334653,976.0,1022.0,938.9124999999999,1.0395004859345254,1.0884933367060297,0,0.5,-10.811407553318361,212,227,65.68926548252853
240,Tulsa,Amer,13-20,101.96188932797415,256,107.95276052314141,207,0.3415064581905908,240,13,20,6,12,6-12,0.4507505489050011,0.298274740876828,0.5406614918802743,0.4507505489050011,0.298274740876828,0.5406614918802743,0.8773468662339301,0.9254383895950119,106.06133795198154,108.05515062226307,106.06133795198154,108.05515062226307,102.039177247871,107.73944014651768,123.34313943795517,122.86176150734329,0.5112404759511054,1,-0.04583304977950475,1213.0,1324.0,1193.3874999999998,1.0164343098951516,1.109446847733867,0,0.3333333333333333,-14.517982014655589,287,289,66.30298287697619
241,Georgia St.,SB,14-19,107.4061091231732,152,113.82456539504656,317,0.3390624705421125,241,14,19,8,10,8-10,0.41534872904517595,0.434069989783152,0.40254302647588464,0.41534872904517595,0.434069989783152,0.40254302647588464,0.8578965708575411,0.7865618820834116,105.46827099642739,107.67492982422092,105.46827099642739,107.67492982422092,109.66920433807974,117.84896673193732,104.10967839317783,109.59401481678849,0.35654653754376675,3,-0.04317567534892308,1373.0,1407.0,1228.5375000000001,1.117589003184681,1.145264186074906,0,0.4444444444444444,-13.146737366764425,259,288,69.13262451463852
242,North Dakota,Sum,12-21,107.92210126172554,142,114.44831799698673,322,0.3373318489466614,242,12,21,5,11,5-11,0.45419192825978943,0.4326978947488214,0.4550986997042113,0.45419192825978943,0.4326978947488214,0.4550986997042113,0.8661171860643453,0.8400656973861806,108.25524078872468,107.86688800673001,108.25524078872468,107.86688800673001,110.00259354588351,117.04685344670959,145.4994623194232,133.84676141005585,0.7231184810711243,2,-0.05616668084857507,1270.0,1341.0,1125.2875,1.1286004687690925,1.1916954556057897,0,0.3125,-15.135775304452668,301,310,68.93654080435563
243,American,Pat,22-12,101.31626805718443,268,107.4442711586276,194,0.33730191003916976,243,22.55335719384362,12.44664280615638,13,5,13-5,0.3092304013267235,0.4345991425720622,0.23723856676370797,0.3087151139704587,0.4345991425720622,0.23723856676370797,0.9180155974629893,0.8412034589962458,103.06750012410492,110.20970283898956,102.96069547842146,110.12906861291941,100.46623148054559,108.21809795932424,96.26497536824121,113.30511743695382,0.13304870601468452,1,0.08023044279220515,1200.0,1164.0,1136.6125,1.0557687866357268,1.024095723036655,0,0.7222222222222222,-8.244790387063306,165,25,63.51151414479952
244,Iona,MAAC,17-17,99.49733562241008,301,105.51751179095355,152,0.3372485789934219,244,17,17,12,8,12-8,0.317722970907218,0.4240080606144972,0.25765446628585553,0.317722970907218,0.4240080606144972,0.25765446628585553,0.9325046456967991,0.8846063523062099,102.19451910263759,109.8308213155092,102.19451910263759,109.8308213155092,98.8247942762354,105.42106502432316,79.33871862969286,113.49002996136409,0.016034150175304927,1,-0.0379298779467776,1427.0,1387.0,1388.1999999999998,1.0279498631321136,0.9991355712433369,0,0.6,-13.83737603692256,274,274,68.2647060185585
245,Georgia Southern,SB,17-16,103.15778823804197,233,109.4993932563246,241,0.33490531216665803,245,17,16,8,10,8-10,0.37974750774582705,0.40299044568506126,0.3747884799459752,0.37974750774582705,0.40299044568506126,0.3747884799459752,0.8923416841694037,0.8474677283400344,104.36828434826805,109.09275694646855,104.36828434826805,109.09275694646855,103.5351661336233,113.6072730068293,89.05197529205824,97.69008470354964,0.2564182967563025,2,0.026995264121814855,1311.0,1361.0,1239.2624999999998,1.057887251490302,1.0982338285875675,0,0.4444444444444444,-11.277823533087878,221,113,69.60282655207875
246,Incarnate Word,Slnd,17-16,105.29227127209076,198,111.83570020730637,285,0.33328952048211596,246,17.531955762466094,16.468044237533906,9,11,9-11,0.3300544023088665,0.2594402101426019,0.358083828573818,0.329331593247994,0.2594402101426019,0.358083828573818,0.9039397186141467,0.8711682588850119,102.94432430430604,108.17379879375157,103.08879448847188,108.40869248366653,104.66680745898114,111.65381440222124,93.86493622852167,91.176588610165,0.5827749948031384,1,-0.03307250014625096,1353.0,1372.0,1281.4624999999999,1.055824887579621,1.0706516967917517,0,0.45,-11.854399595534671,235,263,64.12592056336153
247,Sacred Heart,MAAC,15-18,105.07498355145754,202,111.79469758848471,284,0.3289619089105877,247,15,18,10,10,10-10,0.307298062277069,0.3811676434632485,0.26909390581861997,0.307298062277069,0.3811676434632485,0.26909390581861997,0.9267036505793431,0.8744161865423498,101.26665938133539,109.20214412001752,101.26665938133539,109.20214412001752,107.4756265527845,114.2916036322212,88.19458919763045,103.76513809322313,0.1335739966777556,1,-0.09183799055066372,1560.0,1522.0,1409.2875000000004,1.1069423378835046,1.0799783578581372,0,0.5,-14.694493088941492,290,344,70.33513367475294
248,Northern Arizona,BSky,18-15,103.73489386121842,222,110.38719108113207,258,0.328541531642644,248,18.390270780737612,15.609729219262388,8,10,8-10,0.33377307910159976,0.25634796883890115,0.38035745486264494,0.3366987885776887,0.25634796883890115,0.38035745486264494,0.9239113200031986,0.9329755458801601,104.84991524845462,109.88710645570303,104.88979010386566,109.84261363168609,103.90124520799905,110.88017977294106,0,0,0,0,0.02162031768941819,1294.0,1296.0,1198.875,1.0793452194765927,1.0810134501094777,0,0.4444444444444444,-11.494595745775007,226,125,66.68507489297762
249,Northern Kentucky,Horz,17-16,102.72739933805411,240,109.48781216426283,240,0.32454875152755747,249,17,16,11,9,11-9,0.39500834182392874,0.4619567750056696,0.36571240910554553,0.39500834182392874,0.4619567750056696,0.36571240910554553,0.8914734819622897,0.8248720588802247,105.39317163704621,108.90659077433925,105.39317163704621,108.90659077433925,102.58222493270618,110.45983450461324,87.71952171718955,96.57321073931398,0.24865389296204288,1,0.042860212682602816,1443.0,1469.0,1363.0499999999997,1.0586552217453506,1.0777300906056273,0,0.55,-11.226550330697117,220,75,65.95088645987606
250,UC Davis,BW,15-17,97.25439802167263,331,103.70241915833418,113,0.3233879811168644,250,15,17,9,11,9-11,0.44459058723441824,0.4258286475214039,0.4548045498477974,0.44459058723441824,0.4258286475214039,0.4548045498477974,0.866886964341351,0.8520221424459684,106.45647081533095,107.70369244955285,106.45647081533095,107.70369244955285,98.04914232239018,102.89220046359921,101.09916237745539,120.5003931207728,0.11723914525229193,1,0.05173504030970394,1317.0,1367.0,1339.9250000000002,0.9828908334421701,1.0202063548332927,0,0.45,-11.318019017970432,222,58,67.16144533576022
251,Toledo,MAC,18-15,111.0637479377015,95,118.48656728722366,355,0.3221310694565453,251,18,15,10,8,10-8,0.43870655728124164,0.5022656907173947,0.3785720361680006,0.43870655728124164,0.5022656907173947,0.3785720361680006,0.855144074578622,0.7748942158822915,106.28412797326536,107.69567979846359,106.28412797326536,107.69567979846359,111.18647368342498,119.88001489761291,90.71718432522354,99.6851765104364,0.25272957359025006,3,0.12216323049468508,1426.0,1457.0,1248.7374999999997,1.141953372906636,1.1667784462306932,0,0.5555555555555556,-8.933531467176795,180,8,68.34356070247402
252,Portland,WCC,12-20,106.39703622329114,172,113.53567959773427,313,0.3215182284382113,252,12,20,7,11,7-11,0.4956695088850448,0.34529644071730065,0.6087187690778241,0.4956695088850448,0.34529644071730065,0.6087187690778241,0.8170770928491887,0.9026225706644255,107.84203142991943,105.5084435524368,107.84203142991943,105.5084435524368,110.40494747851895,114.39008934758058,116.50203079343605,118.03354363454767,0.4625224992111223,6,-0.011072729937973369,1324.0,1481.0,1244.4375,1.0639345085631058,1.1900959268745919,0,0.3888888888888889,-12.666924184551178,248,202,68.30556016370649
253,Idaho,BSky,14-19,107.90601168177605,143,115.3555869061563,334,0.31697110079117774,253,14,19,8,10,8-10,0.4065488227191745,0.4251326254466097,0.381625235325491,0.4065488227191745,0.4251326254466097,0.381625235325491,0.8876020396022368,0.844471408272714,105.23356636369581,107.69315731609969,105.23356636369581,107.69315731609969,108.45491256986084,116.44635411172044,114.65503625266321,105.581542496096,0.720734968195023,1,-0.015127096761567538,1318.0,1364.0,1194.0625,1.1037948181104422,1.1423187647212771,0,0.4444444444444444,-14.057611488811519,278,218,66.35427129665065
254,Little Rock,OVC,19-14,98.16878407179479,320,104.96444340957339,140,0.3165366909507834,254,19,14,12,8,12-8,0.31411758398351586,0.41793370612716657,0.2551326881223376,0.31411758398351586,0.41793370612716657,0.2551326881223376,0.9078386083446558,0.8139394426483176,101.83854354093587,108.95035172131975,101.83854354093587,108.95035172131975,97.80466088885808,103.82283409308828,81.08879856508499,103.75775778791258,0.055466489514585576,2,0.035451799778183024,1389.0,1296.0,1351.9875000000002,1.0273763625773167,0.9585887443485978,0,0.6,-10.039636110195282,199,90,66.78718972318606
255,Presbyterian,BSth,14-18,103.2639207172425,230,110.54741602572454,260,0.3135015681274456,255,14.246263029448299,18.7537369705517,7,9,7-9,0.37667955376881507,0.3548827316777431,0.3886123567267763,0.3829297931407202,0.3548827316777431,0.3886123567267763,0.9047426562918086,0.9012743368215365,106.21747324419437,109.7352352187204,106.41371598987236,109.70698344008025,103.76143020408162,110.58214201946457,0,0,0,0,-0.025003292844684166,1139.0,1149.0,1052.3125,1.0823780958603078,1.0918809764209776,0,0.4375,-13.846580582419763,275,242,64.34221384270921
256,Jackson St.,SWAC,16-18,100.31855760999804,288,107.62960957098514,198,0.30811033114928726,256,16,18,14,4,14-4,0.4050833445999585,0.7795194757393266,0.16499356903284784,0.4050833445999585,0.7795194757393266,0.16499356903284784,0.8198409159988898,0.5736930427107881,103.44962786596965,108.36034434674511,103.44962786596965,108.36034434674511,103.40324943161193,110.9952022647596,94.41926078383578,113.59003150982655,0.10661602393033105,5,0.007533363493246237,1415.0,1266.0,1278.4874999999997,1.106776562148633,0.9902325990672575,0,0.7777777777777778,-10.598776340826563,208,155,68.47437772390735
257,Manhattan,MAAC,17-13,107.2784298301141,154,115.22060949024268,333,0.3054788942784176,257,17.468044237533906,13.531955762466092,12,8,12-8,0.29243642513051277,0.3416100184684205,0.2680677004372286,0.2937542669165306,0.3416100184684205,0.2680677004372286,0.9253213917823203,0.8552946066811313,101.0590448629431,109.20612972464947,101.20015240992446,109.29378207405993,108.17891584324055,115.16546608575977,88.76114960806414,91.89218117933842,0.40163209520468346,1,0.02284492421858586,1530.0,1466.0,1370.5250000000005,1.1163605187792995,1.0696630853140217,0,0.6,-10.032892557138814,198,122,67.48200091116503
258,Cal St. Bakersfield,BW,14-19,105.15009147470586,201,113.05939946803855,306,0.3027930894201069,258,14,19,8,12,8-12,0.42571827828438974,0.36587314810239263,0.456837392574989,0.42571827828438974,0.36587314810239263,0.456837392574989,0.8874581737165109,0.9127990748329765,105.0162634720892,107.02551819188426,105.0162634720892,107.02551819188426,107.07444115781479,114.62383861839723,95.01892155262196,109.25558638657833,0.16720594989585308,1,0.009912833306549629,1459.0,1535.0,1364.4999999999998,1.0692561377794065,1.124954195676072,0,0.4,-13.95195877131535,277,147,66.0305359975621
259,Monmouth,CAA,13-20,103.93742058804364,219,111.78431111588594,283,0.3021679176586649,259,13,20,10,8,10-8,0.4267410871650027,0.4899134906617781,0.3804195918040792,0.4267410871650027,0.4899134906617781,0.3804195918040792,0.8685929663718919,0.7797791431353247,105.06767870291172,107.27980823358247,105.06767870291172,107.27980823358247,104.40182754846843,111.26069854094936,98.7927898254484,99.11631132331226,0.4906015885572298,2,0.006342016535961836,1305.0,1329.0,1215.5375,1.0735991279577966,1.0933434797363306,0,0.5555555555555556,-14.472392201788914,285,159,67.18791154653236
260,Charlotte,Amer,11-22,104.32157206134474,213,112.32864567746039,295,0.29934191893546136,260,11,22,3,15,3-15,0.4754692549318622,0.37109544283229084,0.5426117172806689,0.4754692549318622,0.37109544283229084,0.5426117172806689,0.8748477125612426,0.901525551513598,107.03340538808555,107.33287299309434,107.03340538808555,107.33287299309434,103.41009840969784,113.23632804954975,113.41199614527157,123.14216970675474,0.2795706692764122,1,-0.029301118335694598,1245.0,1376.0,1200.8374999999999,1.0367764164593463,1.1458669470265546,0,0.16666666666666666,-16.3892054199442,317,252,64.80933397478641
261,Evansville,MVC,11-21,98.19408813915284,319,105.74352693986575,162,0.29905292331793953,261,11,21,8,12,8-12,0.4971484895240586,0.45237512786405853,0.521729093091694,0.4971484895240586,0.45237512786405853,0.521729093091694,0.8607113903792902,0.852698283856039,107.64408201288344,106.91976937027188,107.64408201288344,106.91976937027188,99.49397542332392,101.93167409564778,74.1232966252664,96.00607063219698,0.04857564999205838,2,0.004501007275061308,1334.0,1360.0,1327.15,1.0051614361601928,1.0247522887390272,0,0.4,-15.028030361005296,297,164,66.93278375669408
262,FIU,CUSA,10-23,96.2907789927576,338,103.85918352968255,117,0.29522740179029255,262,10,23,3,15,3-15,0.48146329360295886,0.28957094146177753,0.6109713880574674,0.48146329360295886,0.28957094146177753,0.6109713880574674,0.8720185007832214,0.9400463480044033,106.6707392918528,106.47454345986566,106.6707392918528,106.47454345986566,97.65867320454677,105.37353680269197,78.78871111169437,84.61585998413837,0.30564736488679567,1,-0.054536794042031045,1200.0,1341.0,1261.7875000000001,0.95103177040508,1.0627780034276768,0,0.16666666666666666,-17.23348948298398,327,306,68.50857655596563
263,Fresno St.,MWC,6-26,100.59283091488109,280,108.54972049517318,220,0.2941185703707655,263,6,26,2,18,2-18,0.6002816052977452,0.4526779383535473,0.6765814273921813,0.6002816052977452,0.4526779383535473,0.6765814273921813,0.7674201603626325,0.8208208449383652,108.97476209331916,104.22991806669667,108.97476209331916,104.22991806669667,103.02581694408507,109.22233247539997,99.29012287845994,105.75339954131816,0.3262413631129916,7,-0.07951300830412944,1390.0,1625.0,1425.0624999999998,0.9753958159729837,1.1403008639971932,0,0.1,-16.614393907381437,319,336,70.80116364216245
264,Mount St. Mary's,MAAC,22-12,99.5429468173287,300,107.5487733778177,196,0.29119534389493645,264,22.44664280615638,12.55335719384362,12,8,12-8,0.31579490732391385,0.4152246568754736,0.25831596304042964,0.3164093931147206,0.4152246568754736,0.25831596304042964,0.9143818999267548,0.8272145600210397,101.65013864835981,108.84315303210195,101.6403189250683,108.80200944761056,100.70053169977689,110.64548285212129,90.33238274948906,106.14757957854845,0.13524651420317543,1,0.14208575052492067,1412.0,1409.0,1351.5749999999998,1.0447071009747888,1.0424874683239924,0,0.6,-8.134656023691251,162,5,67.38937686123697
265,UMass Lowell,AE,17-15,107.13946783178761,157,115.79708241476189,338,0.29035894572097665,265,17,15,6,10,6-10,0.3000716086280168,0.33352171815787607,0.26070721178452394,0.3000716086280168,0.33352171815787607,0.26070721178452394,0.9198177836680977,0.8866772371719691,100.99076664816742,108.24679163374157,100.99076664816742,108.24679163374157,105.08216322998852,116.09726170667352,83.39399632974627,108.68071880908386,0.0454061718537949,1,-0.015347702840454835,1202.0,1202.0,1101.8999999999999,1.0908430892095473,1.0908430892095473,0,0.375,-11.6212298919262,230,219,68.66336421524954
266,North Florida,ASun,15-17,108.05427554311368,137,116.83635852341031,349,0.2893346694988327,266,15,17,8,10,8-10,0.4060371161160329,0.4961255021533017,0.34949484919617113,0.4060371161160329,0.4961255021533017,0.34949484919617113,0.8610970034482683,0.7653147840830766,106.13672823951184,108.81505022941539,106.13672823951184,108.81505022941539,107.48604128593436,118.32225696587842,104.7814315045846,114.34467234785077,0.26807354824198576,2,0.03250468237004128,1482.0,1531.0,1320.2375,1.1225253032124902,1.1596398375292325,0,0.4444444444444444,-11.37223655585434,224,100,72.25568691224832
267,Houston Christian,Slnd,12-20,100.44703824601038,287,108.67395030640023,227,0.2879631005705234,267,12,20,9,11,9-11,0.40471134101738543,0.46579755799829514,0.36513615941437355,0.40471134101738543,0.46579755799829514,0.36513615941437355,0.8704697784657122,0.77110228693961,104.52946447602793,107.05025543463199,104.52946447602793,107.05025543463199,102.90390431057116,109.06464010005934,88.69580512420116,108.40896328347215,0.09046017883296532,3,-0.0557955486092202,1353.0,1373.0,1303.4749999999997,1.0379945913807325,1.0533381921402407,0,0.45,-14.672098682043565,289,309,64.60929337375302
268,Gardner Webb,BSth,11-20,102.44226632870038,245,110.83972673913073,264,0.28781137000974505,268,11,20,5,11,5-11,0.4246440138896208,0.46250760328313834,0.39178613009674057,0.4246440138896208,0.46250760328313834,0.39178613009674057,0.8750958858065139,0.8317175133900672,106.84170699879033,109.68756315315248,106.84170699879033,109.68756315315248,102.06252431509051,112.00447142107951,111.40182584433127,104.83519536061185,0.6678934790860132,1,-0.0330512970756926,1175.0,1258.0,1114.175,1.054591962662957,1.129086543855319,0,0.3125,-14.91898950206852,296,262,69.11015128324112
269,Eastern Michigan,MAC,16-16,104.53171800336642,212,113.18649816540541,308,0.28602210953872326,269,16,16,9,9,9-9,0.38010084071370154,0.36770137529253755,0.37990393839571435,0.38010084071370154,0.36770137529253755,0.37990393839571435,0.9142482110304934,0.9096359918786638,104.73770168557016,109.58372561824592,104.73770168557016,109.58372561824592,105.72231563492718,112.91076042985424,0,0,0,0,0.07235181210953123,1357.0,1388.0,1249.5375,1.0860018206736493,1.110811000070026,0,0.5,-12.135385064688078,240,35,67.18786559000787
270,Siena,MAAC,14-18,102.06696665578093,251,110.67960931261429,262,0.28259603539901046,270,14,18,9,11,9-11,0.3382776090760576,0.4726197781264995,0.2712177259282786,0.3382776090760576,0.4726197781264995,0.2712177259282786,0.9213475560658734,0.8616367494055617,102.44483570925433,109.41928976769013,102.44483570925433,109.41928976769013,102.15472395093208,110.66893319138596,94.16734223508472,105.74212101245844,0.2086316064248014,1,-0.03251629184090937,1490.0,1431.0,1386.6750000000002,1.074512773360737,1.0319649521337009,0,0.45,-14.554125545633724,288,261,67.02714791659105
271,Ball St.,MAC,14-17,103.60184909870787,224,112.37254028097065,297,0.282004373430736,271,14,17,7,11,7-11,0.32542878907497713,0.27025811412793205,0.3652742765367319,0.32542878907497713,0.27025811412793205,0.3652742765367319,0.9229618582196697,0.9350044926949475,104.0327813904038,110.27110108664668,104.0327813904038,110.27110108664668,104.41059376845695,113.2081452121484,0,0,0,0,-0.05534135345745855,1353.0,1378.0,1249.425,1.082898133141245,1.1029073373751925,0,0.3888888888888889,-13.687672013690513,271,308,66.39743058613453
272,Denver,Sum,11-21,100.03138064551122,294,108.50170235015742,218,0.2819636415547555,272,11,21,5,11,5-11,0.4290668223640844,0.3804497280130668,0.4619329332377186,0.4290668223640844,0.3804497280130668,0.4619329332377186,0.8815565544306297,0.8747040848766695,108.11843171736665,109.30699951202585,108.11843171736665,109.30699951202585,98.66642111578713,107.50410341472622,104.97541453807257,95.76444861474768,0.7419442738948927,1,-0.054724940644101494,1118.0,1218.0,1097.9125,1.0182960846151219,1.1093780242050255,0,0.3125,-15.884366584218244,312,307,66.44473407637699
273,Colgate,Pat,14-19,104.13739409595237,217,113.15100597392984,307,0.2779527206994186,273,14,19,10,8,10-8,0.35014242517271427,0.508402313535078,0.24375162489126354,0.35014242517271427,0.508402313535078,0.24375162489126354,0.906491196853478,0.827053641677633,103.21132865676104,108.8467187186865,103.21132865676104,108.8467187186865,105.94254587743046,114.50906515276155,108.3509104582586,100.09983447537832,0.7131805373920145,1,-0.031094123457665823,1357.0,1310.0,1221.25,1.1111566018423746,1.0726714431934494,0,0.5555555555555556,-14.881142044281665,295,255,67.05794610030638
274,Bowling Green,MAC,14-18,99.66013669416422,297,108.53098630979127,219,0.2727718556253611,274,14,18,8,10,8-10,0.343234610413695,0.3198745760370453,0.341496444963509,0.343234610413695,0.3198745760370453,0.341496444963509,0.9115074564975019,0.895365543867946,104.31286114303121,110.18923033063506,104.31286114303121,110.18923033063506,99.15728069741141,108.38627265407263,126.490123787034,103.45793746083166,0.9098241503615299,1,-0.04045279505434657,1277.0,1318.0,1242.5625000000002,1.0277149036768771,1.0607112318293845,0,0.4444444444444444,-14.232635907294277,282,284,68.786988227589
275,Alabama St.,SWAC,20-15,100.5658111777258,283,109.73725605065961,247,0.2682183814763792,275,20.00909960049421,15.99090039950579,12,6,12-6,0.3207526449297343,0.5494987851729312,0.17367522526815427,0.33894168007572684,0.5494987851729312,0.17367522526815427,0.8702758272795863,0.7541993220418866,100.66705398159714,109.49558058332161,101.48162760188855,109.04562661507725,98.76752206964184,110.06112662075333,101.09037018371102,107.55505300621952,0.3289668368403895,3,0.05951988378405848,1297.0,1201.0,1226.7375,1.057275904584314,0.9790195538980426,0,0.6666666666666666,-10.149613095760278,200,47,67.63459738035877
276,Mercer,SC,14-19,98.39474578784487,316,107.431116236928,193,0.2668980058647955,276,14,19,6,12,6-12,0.39014340848659723,0.37752404424728153,0.4027873306647326,0.39014340848659723,0.37752404424728153,0.4027873306647326,0.8999075304873885,0.8856824669743358,104.87410165523748,109.44364115881885,104.87410165523748,109.44364115881885,98.0743720904292,106.98308208376241,0,0,0,0,-0.00022838419301052237,1309.0,1367.0,1290.8250000000003,1.0140801425444965,1.0590126469505934,0,0.3333333333333333,-14.433917182604796,283,179,70.96083892252156
277,Albany,AE,17-16,103.12159580390986,236,112.59562475314411,302,0.266826980091584,277,17,16,8,8,8-8,0.2993962087665105,0.32863207559695434,0.2636215004619888,0.2993962087665105,0.32863207559695434,0.2636215004619888,0.9334446179036932,0.9178451080044373,101.88084907247234,110.09448276366732,101.88084907247234,110.09448276366732,101.65329303344465,112.93687932144404,0,0,0,0,0.011007176070100821,1155.0,1160.0,1088.95,1.060654759171679,1.0652463382157122,0,0.5,-12.910237744726658,255,145,67.58899037727986
278,Western Michigan,MAC,12-20,102.0522601612306,253,111.61948028647706,280,0.26298304100672126,278,12,20,9,9,9-9,0.41095327904873996,0.45261402635167935,0.36912346281646047,0.41095327904873996,0.45261402635167935,0.36912346281646047,0.8751907509055771,0.8226652132804649,105.51835518314365,108.79898359962357,105.51835518314365,108.79898359962357,103.42012446734286,112.45608508593233,103.72521542963113,96.06182293337412,0.7073736744113782,1,-0.027797365999445545,1338.0,1388.0,1264.4625,1.0581571220973338,1.097699615449252,0,0.5,-14.765726670097388,293,247,67.73108745007052
279,Pacific,WCC,9-24,100.80676514471207,276,110.31090684825236,256,0.261899456894681,279,9,24,4,14,4-14,0.5173355891198077,0.42693006676242434,0.6035120641018552,0.5173355891198077,0.42693006676242434,0.6035120641018552,0.7987062194244188,0.8207265449278142,108.47046933110273,105.83954882675987,108.47046933110273,105.83954882675987,101.60334809421478,111.23059166140473,98.80814116601472,103.8359885670009,0.3610579882692563,6,-0.05794366491555397,1215.0,1407.0,1224.0375,0.9926166477742717,1.149474587175638,0,0.2222222222222222,-15.675505299594976,309,312,66.53354311308595
280,Eastern Washington,BSky,10-22,101.88852907255557,259,111.56648549531428,278,0.2604703539450394,280,10,22,6,12,6-12,0.4434767469083048,0.529355917343964,0.38783819132867725,0.4434767469083048,0.529355917343964,0.38783819132867725,0.8677961567419767,0.7939659340168002,106.9892347631737,107.89240547486847,106.9892347631737,107.89240547486847,101.14395687883172,110.9531086701152,119.86445199654204,103.98638630871919,0.8367397861330458,1,-0.05084323939186686,1241.0,1323.0,1202.6625,1.031877189153233,1.100059243553366,0,0.3333333333333333,-16.4156110794702,318,300,67.02997268514189
281,LIU,NEC,17-16,94.956490858312,350,104.02937553736623,121,0.2593351501917161,281,17,16,12,4,12-4,0.2582809930586959,0.3493149791296725,0.19144852506495946,0.2582809930586959,0.3493149791296725,0.19144852506495946,0.9207546937747723,0.8606921031376924,101.18499363992574,111.25029984129468,101.18499363992574,111.25029984129468,93.57327549592392,99.86055398568986,98.11548755484496,106.84021587769989,0.27295616349476115,2,-0.04282663289379951,1046.0,949.0,1042.3999999999999,1.003453568687644,0.91039907904835,0,0.75,-12.676061857349476,249,287,64.86509551782704
282,Austin Peay,ASun,14-19,102.16981000690161,248,112.27414046704384,294,0.25264890218549346,282,14,19,8,10,8-10,0.4174294438744011,0.477061399777014,0.36556644070702604,0.4174294438744011,0.477061399777014,0.36556644070702604,0.8670512194932503,0.8040354347836088,107.35986153074423,109.82224670339242,107.35986153074423,109.82224670339242,105.32737002804299,115.61127531501258,94.9295674056939,112.85366194886734,0.12036244235470539,2,0.03674381425538731,1362.0,1402.0,1234.7625,1.1030461323533878,1.1354410261082597,0,0.4444444444444444,-13.31872394850575,265,87,66.01087305980064
283,Texas Southern,SWAC,15-17,95.51158032080929,344,105.00976693403827,141,0.25156792133676964,283,15,17,12,6,12-6,0.3314804728172657,0.5496015322662805,0.17746315717807895,0.3314804728172657,0.5496015322662805,0.17746315717807895,0.8735934701524192,0.7324148332408248,101.45752479374914,109.10507765861452,101.45752479374914,109.10507765861452,94.29475547899486,102.32679803632931,100.20598302183085,102.57172844378049,0.43331316328584807,4,-0.039162635634268805,1299.0,1155.0,1278.3125,1.0161834449713978,0.90353493375055,0,0.6666666666666666,-11.907039183652273,236,280,69.93228228533225
284,Stephen F. Austin,Slnd,14-17,95.52047532905544,343,105.14669558958481,145,0.24895708226873753,284,14,17,7,13,7-13,0.389630804405673,0.364285863414184,0.40357052195099197,0.389630804405673,0.364285863414184,0.40357052195099197,0.885410533048397,0.8504296844576449,104.27316825015609,106.88588305535414,104.27316825015609,106.88588305535414,96.08586248705633,107.94787583237422,95.13965562975402,99.66579481474264,0.36947222119774037,2,0.036389818632578785,1329.0,1440.0,1367.9999999999998,0.9714912280701756,1.0526315789473686,0,0.35,-12.317183353549936,242,89,67.37924217262142
285,Marist,MAAC,20-10,96.64638372471838,334,106.38891768375575,174,0.24889951294846607,285,20,10,13,7,13-7,0.258925825127503,0.24820161855082315,0.2621382421505113,0.258925825127503,0.24820161855082315,0.2621382421505113,0.955154411111387,0.9566960507330597,100.13243413482753,110.84627373727373,100.13243413482753,110.84627373727373,95.67480452199531,104.5431602436252,0,0,0,0,0.15499001112624688,1274.0,1258.0,1283.1249999999998,0.9928884559181687,0.9804188991719437,0,0.65,-8.03827177404631,158,3,64.03297343687457
286,Tarleton St.,WAC,12-20,93.29659063500686,358,102.75088283371595,100,0.2478662982937507,286,12,20,7,9,7-9,0.47217596078045687,0.49389419809784096,0.4496826981444391,0.47217596078045687,0.49389419809784096,0.4496826981444391,0.8357593666531311,0.7751979417931435,105.99169496230205,104.6998166521969,105.99169496230205,104.6998166521969,95.98969122828282,103.0904474423482,84.07679811218122,112.57425954938131,0.033678136572915005,3,0.02913270449166694,1003.0,1080.0,1067.8750000000002,0.9392485075500407,1.0113543251785084,0,0.4375,-13.262229684539017,264,109,65.59938557972309
287,Tennessee Martin,OVC,14-19,102.11237686123,250,112.62516547138624,304,0.24473377598740229,287,14,19,9,11,9-11,0.29749460284437557,0.3690723242362242,0.26011919414864526,0.29749460284437557,0.3690723242362242,0.26011919414864526,0.9180025369779417,0.843857829545167,101.53198313241063,108.59803132751588,101.53198313241063,108.59803132751588,102.89968637197467,110.89131180673083,79.02200484185835,102.90915572840471,0.04576532216881843,1,-0.05999985829610793,1435.0,1421.0,1366.9499999999998,1.049782362193204,1.0395405830498556,0,0.45,-15.444972095396462,305,315,66.31742601093121
288,Navy,Pat,15-19,101.13466142158538,271,111.61414053137959,279,0.24345301949748288,288,15,19,10,8,10-8,0.2846156524327302,0.3165766898878948,0.24755781966297916,0.2846156524327302,0.3165766898878948,0.24755781966297916,0.9417324655472334,0.9241901807932302,101.27447357925462,110.11290459891342,101.27447357925462,110.11290459891342,99.70416895536447,108.48275415994533,0,0,0,0,-0.03363306343474287,1249.0,1204.0,1187.35,1.0519223480860742,1.014022823935655,0,0.5555555555555556,-16.189790555873127,315,264,67.00224588959796
289,Tennessee Tech,OVC,15-17,101.23417816024028,270,111.98169753486398,288,0.23860575333600348,289,15,17,10,10,10-10,0.30875884334017045,0.40190597359380414,0.2607291750681718,0.30875884334017045,0.40190597359380414,0.2607291750681718,0.9072734844824635,0.8159812649298924,101.71542199215445,108.78437949301743,101.71542199215445,108.78437949301743,100.76196798349233,111.65896824658232,109.65453506648313,103.57413430750138,0.6583709084575273,2,-0.01048969232738478,1426.0,1440.0,1383.8250000000003,1.0304771195779812,1.0405940057449459,0,0.5,-13.153733313042009,260,201,67.83273586086489
290,Weber St.,BSky,12-22,100.89247383377767,274,111.9156603763616,286,0.23282326681210996,290,12,22,5,13,5-13,0.40449674746470754,0.42690421344362484,0.39089393636668546,0.40449674746470754,0.42690421344362484,0.39089393636668546,0.8946133058891276,0.8641800883899163,106.13135049849892,108.52080860965833,106.13135049849892,108.52080860965833,101.31136529588815,112.04694725871454,84.21235196390592,110.60989444746521,0.041659197345454285,1,-0.02168835120806556,1235.0,1325.0,1194.475,1.0339270390757447,1.1092739488059609,0,0.2777777777777778,-17.13469315646586,326,234,65.5013601143303
291,San Diego,WCC,6-27,100.14511036925933,290,111.14010730207937,269,0.23183635242682257,291,6,27,2,16,2-16,0.5101811233613133,0.3950447311595677,0.6061759541992754,0.5101811233613133,0.3950447311595677,0.6061759541992754,0.822039775888046,0.8744760298700162,107.5415671165385,105.91864317831737,107.5415671165385,105.91864317831737,103.53909878579448,112.72669400258799,114.76290368743062,119.64618568317134,0.3824381271943761,5,-0.12507806164564983,1301.0,1506.0,1280.45,1.0160490452575266,1.1761490101136318,0,0.1111111111111111,-19.498324512899632,344,359,71.0001864297132
292,Old Dominion,SB,15-20,99.60771498328802,299,110.54818443186113,261,0.23175348496006845,292,15,20,8,10,8-10,0.39321103348189956,0.3885513357856569,0.38524383260306344,0.39321103348189956,0.3885513357856569,0.38524383260306344,0.8997671066840909,0.8713040644347092,104.89647174455496,108.42188124177201,104.89647174455496,108.42188124177201,100.06037279412776,111.23685207625891,76.04901305647869,109.81933922089026,0.01440352647318276,1,0.04305403687605064,1226.0,1285.0,1187.725,1.0322254730682607,1.0819002715275001,0,0.4444444444444444,-15.296733424544415,303,72,66.02252160360244
293,Air Force,MWC,4-28,98.60371168977485,313,109.53387733131837,243,0.2298891456118561,293,4,28,1,19,1-19,0.5936294715533499,0.4223465143178599,0.6829583314490816,0.5936294715533499,0.4223465143178599,0.6829583314490816,0.7931056932692488,0.8975920541755407,108.58779668174171,104.48672817582053,108.58779668174171,104.48672817582053,98.21095655407815,110.2882479972387,94.50662848477982,107.4507939467835,0.18600586897249155,5,-0.10009967725527694,1194.0,1533.0,1316.3125,0.9070794359242201,1.164617064716775,0,0.05,-19.43832561975459,343,349,64.43273709015436
294,Saint Peter's,MAAC,12-16,94.98894371497548,349,105.63642137600735,158,0.227621395811949,294,12,16,7,13,7-13,0.30062758258770234,0.38577637022410416,0.26656806753314166,0.30062758258770234,0.38577637022410416,0.26656806753314166,0.9329174099156977,0.8807402601785352,102.49582787430579,110.69443733172076,102.49582787430579,110.69443733172076,92.36910030141377,105.04269110296339,0,0,0,0,-0.01310455215546269,1259.0,1318.0,1310.5000000000002,0.9607020221289583,1.0057230064860738,0,0.35,-13.372317620102967,266,210,63.77002522865969
295,Lafayette,Pat,13-20,97.75258111947957,324,108.73000106394767,229,0.22724668312143784,295,13,20,7,11,7-11,0.29266770085095944,0.35642181418067637,0.2493518121252184,0.29266770085095944,0.35642181418067637,0.2493518121252184,0.9293183356804869,0.8864649639960382,102.48580610452653,111.09086248963148,102.48580610452653,111.09086248963148,97.9107155845896,108.43978511990366,98.8615857467365,95.30796865249842,0.6037187436321719,1,-0.07275210051784453,1218.0,1220.0,1186.6499999999999,1.0264189103779549,1.028104327307968,0,0.3888888888888889,-16.798533968731796,322,331,66.16413150455962
296,Bethune Cookman,SWAC,17-16,97.43532988436262,328,108.63109690678635,226,0.22255448672898742,296,17,16,13,5,13-5,0.38144183015298155,0.6474978462763906,0.20452702274523443,0.38144183015298155,0.6474978462763906,0.20452702274523443,0.8601454359061084,0.6984286297664991,102.53210165637346,108.22794089239211,102.53210165637346,108.22794089239211,98.49747483162956,111.4074233374946,108.51133773017625,110.88023874843421,0.43822860379704237,3,0.12303492306334102,1306.0,1268.0,1259.1374999999996,1.0372179368813974,1.0070385482125666,0,0.7222222222222222,-10.200571040746068,202,7,68.96358590172748
297,Oral Roberts,Sum,7-23,103.78616067778327,220,115.77694104115082,337,0.22143437703875998,297,8,22,3,13,3-13,0.4477225879475419,0.4275863840932432,0.46945475418930205,0.4477225879475419,0.4275863840932432,0.46945475418930205,0.8514541337220611,0.7983560695916314,108.94222688012789,107.44444707624714,108.94222688012789,107.44444707624714,104.9364155952388,117.07892349820209,99.82272890755596,111.13029337202096,0.2254759187701325,2,-0.11122878393647823,1182.0,1313.0,1097.3,1.0771894650505787,1.1965734074546615,0,0.1875,-17.273682341514885,329,356,67.23157341042464
298,Columbia,Ivy,12-15,104.31820669832703,214,116.57121416943606,345,0.21803587008205522,298,12,15,1,13,1-13,0.3593472183579184,0.25774827092021857,0.45368909812149677,0.3593472183579184,0.25774827092021857,0.45368909812149677,0.8987330176759251,0.9090211704244648,104.24914373861967,109.27236762949231,104.24914373861967,109.27236762949231,102.03431714862027,119.87529731998242,137.58747821271797,108.18480978667196,0.9407447779320021,1,0.020375052834626484,1053.0,1213.0,1021.3125,1.0310262529832936,1.1876874120310874,0,0.07142857142857142,-11.351725621377156,223,132,70.81828017192738
299,Utah Tech,WAC,7-26,101.80885710012456,261,113.78038820441319,315,0.21780732456354673,299,7,26,2,14,2-14,0.4653327781413892,0.485548381870716,0.4534274458413097,0.4653327781413892,0.485548381870716,0.4534274458413097,0.8588660618682226,0.8216005518983459,104.70761460380565,104.68452406796209,104.70761460380565,104.68452406796209,103.90276454514581,115.80154051723478,99.34214754289307,114.68083907777928,0.1609461776249804,2,-0.09597796964385327,1108.0,1217.0,1090.3625000000002,1.0161758130896834,1.1161425672654735,0,0.125,-19.81909877614578,346,346,67.41448180816865
300,Lehigh,Pat,11-19,99.67403542086358,296,111.46257578436199,277,0.21661337476882467,300,11,19,6,12,6-12,0.31404957574452735,0.42377157079882183,0.2505311560689288,0.31404957574452735,0.42377157079882183,0.2505311560689288,0.9031432488624687,0.8088543378769846,102.68262481291606,109.22018709393978,102.68262481291606,109.22018709393978,97.70424763739746,109.1382143741111,79.89605474879075,117.42202890110295,0.011796886271197404,2,-0.0715568397662591,1243.0,1245.0,1214.7749999999999,1.0232347554073802,1.0248811508304008,0,0.3333333333333333,-15.244375348142531,302,327,67.18962790155996
301,Saint Francis,NEC,16-18,100.03549879520074,293,111.9581908652773,287,0.21502382343748586,301,16,18,8,8,8-8,0.31957749875494246,0.4653636368039458,0.1969656015758211,0.31957749875494246,0.4653636368039458,0.1969656015758211,0.8863350482637642,0.7788930796305268,101.58383457511616,108.04997788308974,101.58383457511616,108.04997788308974,101.23086700216439,114.93648217192315,103.46382382143712,117.70871409109776,0.18491490331369925,2,0.009547644666112631,1138.0,1132.0,1073.875,1.059713653823769,1.0541264113607263,0,0.5,-12.200501384772672,241,149,67.17307030804155
302,Howard,MEAC,12-20,103.16705136852913,232,115.67223759869891,336,0.21152993831073968,302,14,18,7,7,7-7,0.31334340007699557,0.39934104485858474,0.22067680861498298,0.31334340007699557,0.39934104485858474,0.22067680861498298,0.8898315935054762,0.8266177298618145,103.29965843510078,109.58932417894034,103.29965843510078,109.58932417894034,103.060299077544,116.40959800443123,101.4979985575296,104.84394614118108,0.4078186615749986,3,-0.10489709264583436,1099.0,1117.0,1014.425,1.0833723537964857,1.101116395987875,0,0.5,-15.612934033496586,307,353,69.70485867551653
303,Louisiana,SB,12-21,97.68271414446556,325,109.53604928361975,244,0.21130374683629893,303,12,21,8,10,8-10,0.4366972082984372,0.5075722066385553,0.41409899769730596,0.4366972082984372,0.5075722066385553,0.41409899769730596,0.8777759776709864,0.8303492718577411,105.03839752184808,106.70055284434306,105.03839752184808,106.70055284434306,97.81023875006976,108.91955545373825,85.44555728262749,100.95107595476712,0.1281181822144525,1,0.03356729068755421,1186.0,1287.0,1206.0624999999998,0.9833652899414419,1.0671088770275174,0,0.4444444444444444,-15.747185496843672,310,94,66.27396029475636
304,Penn,Ivy,8-19,103.12609711586583,234,115.80286685117338,339,0.20861838196443142,304,8,19,4,10,4-10,0.45764221199869604,0.46045132327688115,0.45503375152609543,0.45764221199869604,0.46045132327688115,0.45503375152609543,0.8533974326219033,0.8151444158660646,105.45280854467943,107.18377058439881,105.45280854467943,107.18377058439881,105.4423221951596,116.35510366909654,87.08704654343971,105.83600721590317,0.0960156915271698,2,-0.011254923276412365,1054.0,1123.0,979.9875000000001,1.0755239224990114,1.1459329838390795,0,0.2857142857142857,-13.870799720552961,276,204,66.9047972372259
305,Fairleigh Dickinson,NEC,13-20,97.81619180880516,323,109.84535836360413,249,0.20852995570302194,305,13,20,8,8,8-8,0.3040373060639123,0.4158087769938547,0.19777710217712965,0.3040373060639123,0.4158087769938547,0.19777710217712965,0.9028284116070407,0.8307999493293778,102.05014030850721,109.58112405780021,102.05014030850721,109.58112405780021,94.74342692537634,106.37963895342756,112.77740793413255,114.16181804498575,0.4649799509108745,2,-0.07202447489676772,1115.0,1083.0,1111.05,1.0035551955357545,0.9747536114486297,0,0.5,-15.821676462305952,311,329,69.27373978210406
306,Southern Miss,SB,11-22,96.62929268667455,335,108.56938962319171,224,0.20753685213175593,306,11,22,5,13,5-13,0.4133203723745332,0.41936086000116085,0.42597646898422803,0.4133203723745332,0.41936086000116085,0.42597646898422803,0.8894280204181713,0.8726757732586734,104.77143549840014,107.35787760659292,104.77143549840014,107.35787760659292,97.62429771561848,107.00979699774936,140.08980664405158,175.54650835477742,0.06948458735878463,1,-0.012133611574078162,1276.0,1365.0,1298.1125,0.9829656520524993,1.051526735933904,0,0.2777777777777778,-17.043367823710323,325,206,70.76118128154295
307,Rider,MAAC,14-19,101.9156690812288,257,114.86596009560216,327,0.20171141250495253,307,14,19,9,11,9-11,0.33962776564427044,0.4685632247986698,0.2691097988921121,0.33962776564427044,0.4685632247986698,0.2691097988921121,0.900190143243019,0.7962198926906303,102.38473250818701,109.14204227209758,102.38473250818701,109.14204227209758,102.82317823239357,114.40164629134513,90.60609151948823,108.5906495703011,0.11083557598434864,2,0.04251999782349203,1384.0,1412.0,1314.6875,1.052721654385548,1.0740194913239838,0,0.45,-14.702868489684624,291,77,64.85833072414935
308,Charleston Southern,BSth,10-22,99.09579141169209,306,111.72882961773578,281,0.20103153520448705,308,10,22,6,10,6-10,0.4420645697354838,0.48917090468314794,0.40258147884204587,0.4420645697354838,0.48917090468314794,0.40258147884204587,0.8583952716226496,0.8000550348503163,107.71323309410496,108.50795981928849,107.71323309410496,108.50795981928849,99.36646561029893,111.39752663580711,109.30990341069605,109.77031137728676,0.48791842338589053,2,0.0048327922026008,1153.0,1233.0,1115.7,1.033431926145021,1.1051357891906426,0,0.375,-16.114391648174742,314,162,67.53019275153697
309,Loyola MD,Pat,12-19,99.84845554016763,295,112.72858191930027,305,0.19856486967873754,309,12,19,6,12,6-12,0.2841061070200227,0.33028302416580635,0.2525372754522619,0.2841061070200227,0.33028302416580635,0.2525372754522619,0.9300379998738582,0.8838791858202854,101.39134471151188,110.19757495784832,101.39134471151188,110.19757495784832,99.51653966705402,113.97308397773024,96.61531698365827,98.75346095303425,0.43739887629391616,1,-0.04871856393795726,1224.0,1285.0,1185.5625000000002,1.0324213189941482,1.0838736886499023,0,0.3333333333333333,-16.0758985741348,313,296,66.54723242963527
310,VMI,SC,15-19,98.53892691729851,314,111.40357784315415,275,0.19605439999844265,310,15,19,7,11,7-11,0.3617150947429389,0.29286568677364716,0.41063465349707623,0.3617150947429389,0.29286568677364716,0.41063465349707623,0.9101432469230812,0.9123173606041267,105.01950373714482,109.47099624560786,105.01950373714482,109.47099624560786,98.04580347581503,110.86113113984442,0,0,0,0,0.04595795422763094,1251.0,1357.0,1241.65,1.0075303024201667,1.0929005758466557,0,0.3888888888888889,-14.771046119379578,294,67,68.12029833888421
311,Eastern Illinois,OVC,12-19,93.48166090850361,357,105.81221622925091,164,0.19390112230015058,311,12,19,8,12,8-12,0.33913219681171813,0.4797361298964382,0.26180003361512194,0.33913219681171813,0.4797361298964382,0.26180003361512194,0.8866457511391902,0.7613803763237208,103.11862534556356,108.17350966556549,103.11862534556356,108.17350966556549,93.44016798278868,106.88332160315986,97.65369605830728,101.4802381349201,0.3912596040770402,3,-0.031006480032267025,1281.0,1326.0,1330.6125,0.9627145393568751,0.9965335512780769,0,0.4,-14.49808912093641,286,254,66.15159103613533
312,IU Indy,Horz,10-22,109.12398635181395,119,123.55472034988667,363,0.1933647560220546,312,10,22,6,14,6-14,0.35800400876707017,0.31166348728161997,0.3787457050721664,0.35800400876707017,0.31166348728161997,0.3787457050721664,0.8965652095462984,0.8500660054284871,104.09029102498742,108.19099589369256,104.09029102498742,108.19099589369256,109.13675320992377,122.31523623249252,119.33841462560144,118.74249350894037,0.514388417552959,2,-0.0663614300920069,1472.0,1575.0,1316.75,1.1179039301310043,1.1961268274159864,0,0.3,-17.699235681725092,332,321,64.86989263529436
313,Army,Pat,16-15,100.24959667410153,289,113.5071527652673,312,0.1933586584345759,313,16.294347614591146,15.705652385408854,10,8,10-8,0.2851283868651068,0.32842917908178865,0.2531170143561788,0.28762261204651135,0.32842917908178865,0.2531170143561788,0.9245296686342933,0.8734546101989403,102.86601819560141,110.51688977830459,102.97569560717528,110.54616705716968,100.53305251504982,113.07324906452489,104.22338786197375,110.17884817318654,0.34546439612826735,1,0.07893203184745212,1252.0,1312.0,1207.675,1.0367027552942638,1.086384995963318,0,0.5555555555555556,-11.979528310423698,237,28,67.559242269817
314,Delaware St.,MEAC,16-14,101.04450064287104,272,114.43974485495663,321,0.1928486812437028,314,16,14,8,6,8-6,0.2688829956023108,0.31708967375306807,0.22334878803796734,0.2688829956023108,0.31708967375306807,0.22334878803796734,0.924157360924648,0.8876666964852712,102.07812505256456,111.30684514921836,102.07812505256456,111.30684514921836,103.23838220672648,114.75648937893017,96.56634974386111,109.71928334462032,0.1871722042910097,1,0.03259182215130374,1134.0,1109.0,1032.425,1.0983848705717123,1.0741700365643994,0,0.5714285714285714,-10.951586463149644,214,98,70.12687414533038
315,Long Beach St.,BW,7-25,100.59032490002338,281,113.93992068237088,318,0.19262001314712254,315,7,25,3,17,3-17,0.4573699895177525,0.4399898635681707,0.4677980650875016,0.4573699895177525,0.4399898635681707,0.4677980650875016,0.8559983905827258,0.8331308902870916,106.02542235921302,106.20803860176467,106.02542235921302,106.20803860176467,101.68449871920654,115.14176876649586,97.0865520392688,107.93304828357431,0.2282983330572232,3,-0.07793946467290758,1359.0,1517.0,1338.1125000000002,1.015609674074489,1.1336864426571007,0,0.15,-19.011873654770735,337,334,64.06856104803849
316,Boston University,Pat,16-16,98.24415503914155,317,111.46109690055758,276,0.18976644788727995,316,16,16,10,8,10-8,0.28231409012882364,0.3290834949312285,0.25351731144447986,0.28231409012882364,0.3290834949312285,0.25351731144447986,0.9352747449059361,0.9010561266601361,101.77012369329266,110.36880762512905,101.77012369329266,110.36880762512905,96.28084058828925,110.32264067845891,65.77683677486844,84.48844526604623,0.05320194558903921,1,0.08022367806334035,1169.0,1212.0,1155.3999999999999,1.01177081530206,1.048987363683573,0,0.5555555555555556,-13.217797916939261,263,26,63.304597483168834
317,Binghamton,AE,15-17,98.8509824200805,310,112.16523231582322,291,0.18951952106898187,317,15,17,7,9,7-9,0.2767764688872746,0.2770318548102104,0.27326000632515923,0.2767764688872746,0.2770318548102104,0.27326000632515923,0.9377185820841405,0.9254773676595078,102.00337750046016,110.66585098235876,102.00337750046016,110.66585098235876,101.17016814101486,113.96967540386977,0,0,0,0,0.027439182968524434,1132.0,1168.0,1081.1125000000002,1.0470695695406351,1.0803686017875103,0,0.4375,-14.213360539058291,281,112,65.60545215391167
318,UMBC,AE,13-19,104.86147841239557,208,119.11942811222414,357,0.18753716129412298,318,13,19,5,11,5-11,0.29804284097641204,0.3050905851410006,0.273508646939545,0.29804284097641204,0.3050905851410006,0.273508646939545,0.9237931678500869,0.9028721333823043,101.08686044029167,109.10606749510367,101.08686044029167,109.10606749510367,104.63505534739717,122.20464790518052,0,0,0,0,-0.04713301045118634,1237.0,1298.0,1135.5249999999999,1.0893639505955397,1.143083595693622,0,0.3125,-15.663263190819196,308,293,70.46648668644625
319,Coastal Carolina,SB,10-22,101.01927234006932,273,114.8955119965836,328,0.18539935446143907,319,10,22,3,15,3-15,0.35831628078185696,0.3015510077837558,0.4076900573163941,0.35831628078185696,0.3015510077837558,0.4076900573163941,0.9146798288627601,0.9279879359784989,103.43144157603199,108.68947494473802,103.43144157603199,108.68947494473802,102.67450305785326,119.03598650285085,0,0,0,0,-0.04830317905578929,1187.0,1354.0,1152.9250000000002,1.0295552616171908,1.1744042327124486,0,0.16666666666666666,-18.196669490869215,334,295,63.153280981288056
320,Lindenwood,OVC,16-17,94.6462368783887,352,107.67302066180781,201,0.18498094234475224,320,16,17,10,10,10-10,0.30653236597975725,0.38625295394888026,0.26609045619694727,0.30653236597975725,0.38625295394888026,0.26609045619694727,0.9004850162528532,0.7935150327274695,102.7876731200413,109.3362370164431,102.7876731200413,109.3362370164431,94.90815755848553,108.28073940860133,94.73317765351287,101.81256334974655,0.3038996914591512,3,0.053958080518059115,1400.0,1469.0,1440.3250000000003,0.9720028465797648,1.019908701161196,0,0.5,-12.851481824437613,252,54,69.44282600443672
321,North Carolina Central,MEAC,14-19,102.54547860948503,243,116.77564277847651,347,0.18326172925138662,321,14,19,6,8,6-8,0.30031854948115205,0.3602688527757202,0.22472313675025915,0.30031854948115205,0.3602688527757202,0.22472313675025915,0.9173395051230123,0.8794097687640035,102.87889257360095,110.32503592486222,102.87889257360095,110.32503592486222,102.99410955175924,115.75385682509776,89.87536410248114,116.33985361008496,0.04889004641215896,1,-0.02123136883236726,1086.0,1093.0,1000.9875,1.0849286329749372,1.091921727294297,0,0.42857142857142855,-15.364027143810873,304,232,66.98681257539589
322,Morehead St.,OVC,15-17,98.14275187722467,321,111.76262394155995,282,0.18325139217295358,322,15,17,10,10,10-10,0.31050280748258313,0.40234784732133466,0.26626412882806233,0.31050280748258313,0.40234784732133466,0.26626412882806233,0.9082059365049119,0.819720011065987,101.56869529180604,108.04586565577996,101.56869529180604,108.04586565577996,97.84741710091154,110.49411128911947,91.49733629166415,115.54595777550075,0.06394668934161826,2,0.04838289990660943,1263.0,1327.0,1276.9625,0.9890658496236184,1.0391847842047044,0,0.5,-13.175218670724192,261,64,64.07156106880005
323,Grambling St.,SWAC,12-22,95.40908545747183,346,108.72867992986325,228,0.1820022345317327,323,12,22,7,11,7-11,0.3142913711945638,0.49968823837000265,0.19222558488898514,0.3142913711945638,0.49968823837000265,0.19222558488898514,0.8777619773701426,0.731236123425504,101.76502946028393,108.8079817029907,101.76502946028393,108.8079817029907,94.04150391927945,109.92668924938751,100.44520001900769,97.49284378225245,0.5849392891941863,5,-0.09961881591249433,1164.0,1179.0,1180.6750000000002,0.9858767230609607,0.9985813200076226,0,0.3888888888888889,-16.931310869622607,323,348,63.87516682343583
324,Alcorn St.,SWAC,11-21,97.36046040767931,330,111.04942599275671,267,0.18051165287260612,324,12,20,11,7,11-7,0.38273316300736115,0.6769997537414638,0.17910610726995868,0.38273316300736115,0.6769997537414638,0.17910610726995868,0.8528959219571228,0.6820412130720116,102.63560673588364,108.91979308346446,102.63560673588364,108.91979308346446,98.50799359686349,110.26677344855906,100.29522653699745,115.2272070905612,0.16853306124450215,3,-0.038938367485345404,1245.0,1164.0,1179.35,1.055666256836393,0.986984355789206,0,0.6111111111111112,-15.031124636292375,298,279,64.74512535215844
325,Southern Utah,WAC,12-19,95.94652975041578,340,109.52281692726066,242,0.17917731081549837,325,12,19,4,12,4-12,0.4260872347243245,0.4041897740621195,0.45826500718762386,0.4260872347243245,0.4041897740621195,0.45826500718762386,0.8625628625366463,0.8269714167327556,104.87651982727905,105.3948644074922,104.87651982727905,105.3948644074922,93.21601435355547,111.33457503264827,85.32704667923431,108.00671415936105,0.06235240199342436,2,0.06704075590376474,1020.0,1191.0,1108.9000000000003,0.9198304626206147,1.0740373342952472,0,0.25,-13.54172523850589,270,44,68.95254739944008
326,Florida A&M,SWAC,14-17,101.98657294785977,254,116.46950566902481,344,0.17842342096491942,326,14,17,10,8,10-8,0.35767636125401275,0.629411583112099,0.20943791034395468,0.35767636125401275,0.629411583112099,0.20943791034395468,0.8302976771755416,0.5852045539608451,102.20181769081665,107.06780491160539,102.20181769081665,107.06780491160539,103.03033693627698,116.62632684270277,97.56167303769541,108.39428713950815,0.2295519902969673,5,0.03881502162663597,1299.0,1265.0,1205.4374999999998,1.0776170477523723,1.049411520713434,0,0.5555555555555556,-10.82210887587902,213,84,67.21755465623109
327,Niagara,MAAC,11-20,100.75363913898364,278,115.43934370599746,335,0.17296332699636807,327,11,20,6,14,6-14,0.2982448148055501,0.3511750129822859,0.26913320580834554,0.2982448148055501,0.3511750129822859,0.26913320580834554,0.9203181329344159,0.8597835327255082,100.89117610511379,109.00748129228387,100.89117610511379,109.00748129228387,101.2988506831026,117.4687148649751,109.93620041181235,114.20021261877409,0.392310840542023,1,-0.03615888678617557,1362.0,1438.0,1306.1250000000002,1.0427792133218488,1.1009665996746099,0,0.3,-16.747933003463924,321,271,64.89885377672908
328,Stonehill,NEC,15-17,100.08475633046348,292,115.10867065156691,331,0.16681345320130447,328,15,17,7,9,7-9,0.27891135824926944,0.3609893868329076,0.20301041403992423,0.27891135824926944,0.3609893868329076,0.20301041403992423,0.9241356122147424,0.8775662140370961,100.36743597412604,109.70222892852374,100.36743597412604,109.70222892852374,100.01103320304554,116.52790228197998,102.48864166014522,119.42015889101744,0.14700281812994376,1,0.034048407899069655,1073.0,1101.0,1028.55,1.043216178114822,1.070438967478489,0,0.4375,-13.761325051867043,273,93,65.19364098124672
329,Holy Cross,Pat,13-19,100.77645703431492,277,115.91040548782674,342,0.16672795121931863,329,13,19,5,13,5-13,0.31052810751080606,0.3879472328597384,0.2560903486571364,0.31052810751080606,0.3879472328597384,0.2560903486571364,0.9184613601417446,0.8631434316415842,102.17836976602146,108.93531772888284,102.17836976602146,108.93531772888284,99.33984799859627,117.03926221995441,112.7276402633173,100.90636482446669,0.7814248108588804,1,0.03664593031045238,1254.0,1333.0,1210.225,1.0361709599454647,1.101448077836766,0,0.2777777777777778,-15.537664470220752,306,88,65.87073501082696
330,Green Bay,Horz,4-28,100.54562631856444,285,115.84857306580435,340,0.163935646814937,330,5,27,2,18,2-18,0.42810122077554474,0.5054413698877899,0.3817036162573989,0.42810122077554474,0.5054413698877899,0.3817036162573989,0.8810788875964378,0.8080207730369664,105.75514724323351,108.16999580374684,105.75514724323351,108.16999580374684,98.05619339868971,116.72627087020592,114.91874229067166,117.71570601732864,0.43130168003399216,2,-0.14076067744955217,1365.0,1587.0,1369.7250000000001,0.996550402453047,1.1586267316432128,0,0.1,-22.891468046241073,363,361,69.11921466613562
331,Stony Brook,CAA,8-24,101.73112332172002,262,117.38954136956482,351,0.16159716300128957,331,8,24,4,14,4-14,0.39326809063884083,0.40737914708952255,0.3850422081612723,0.39326809063884083,0.40737914708952255,0.3850422081612723,0.8982245401918076,0.8674128598229736,104.2651048256761,107.89323798265494,104.2651048256761,107.89323798265494,101.98275698471032,116.87079486983228,108.26296563209355,124.93431108243567,0.16150304373446306,1,-0.03194338062852842,1178.0,1316.0,1145.6250000000002,1.0282596835788322,1.1487179487179484,0,0.2222222222222222,-19.610755601111393,345,259,64.50048730052848
332,Texas A&M Commerce,Slnd,5-26,96.31395367073539,337,111.27924353478093,273,0.15963588698647008,332,5,26,3,17,3-17,0.457003616105874,0.5681511621351352,0.3958724657897802,0.457003616105874,0.5681511621351352,0.3958724657897802,0.8517148988351861,0.7503516226727863,105.34741145032187,106.50268531382758,105.34741145032187,106.50268531382758,96.33383712636024,111.74326502769165,85.59196454157633,104.47673033731428,0.09172192932489504,3,-0.07408821265947427,1294.0,1441.0,1333.2375,0.9705697597014786,1.0808276844898228,0,0.15,-20.113190118303223,350,332,67.45815350817378
333,Mercyhurst,NEC,15-16,100.13516313807814,291,115.87872438460599,341,0.1571924896012489,333,15,16,9,7,9-7,0.27355991181590916,0.3475196412508251,0.2042226654706756,0.27355991181590916,0.3475196412508251,0.2042226654706756,0.9165998511876132,0.8639059347037562,100.4097162204481,109.60314246535427,100.4097162204481,109.60314246535427,101.02202999741597,116.6258407017009,99.70750082110199,108.92259628282929,0.26569784544616126,2,0.04655507540659465,1116.0,1133.0,1061.45,1.0513919638230722,1.0674077912289792,0,0.5625,-12.598402622671962,246,66,64.61369605903383
334,USC Upstate,BSth,6-26,99.20046285025347,305,114.94340174820849,329,0.15526135354438328,334,6,26,2,14,2-14,0.4148339907991413,0.4302370110868141,0.40833257307905985,0.4148339907991413,0.4302370110868141,0.40833257307905985,0.8841285303616888,0.8548865902515029,106.57517255374982,108.17657147184919,106.57517255374982,108.17657147184919,101.20485894491931,116.83003571832758,0,0,0,0,-0.10325972726910254,1197.0,1367.0,1161.3000000000002,1.0307414104882457,1.177129079479893,0,0.125,-20.99902990526273,356,352,72.7548606876259
335,Southern Indiana,OVC,10-20,98.73441082431337,311,114.8405674871151,326,0.1495951848319655,335,10,20,5,15,5-15,0.29518278272539933,0.34624011631086776,0.26965411593266514,0.29518278272539933,0.34624011631086776,0.26965411593266514,0.9400089884363129,0.9141934556973395,101.50787571812965,109.27549049581204,101.50787571812965,109.27549049581204,97.10124827589956,116.27873387884074,0,0,0,0,-0.02923973759201065,1345.0,1475.0,1361.8250000000003,0.9876452554476528,1.083105391661924,0,0.25,-17.432121241225673,331,251,67.01760131191384
336,Fairfield,MAAC,12-20,97.41576698509617,329,113.3510109224961,310,0.14902558999214513,336,12,20,8,12,8-12,0.3227671932412153,0.3702726405492476,0.29632946144040695,0.3227671932412153,0.3702726405492476,0.29632946144040695,0.9327007537957449,0.9058134791427279,101.83133331145129,108.91864725578182,101.83133331145129,108.91864725578182,98.73970189936013,114.6386065324476,0,0,0,0,0.052149257247789016,1352.0,1453.0,1331.4125000000001,1.0154629012421017,1.091322186024241,0,0.4,-16.947558642857818,324,57,65.89414161225328
337,Bellarmine,ASun,5-26,103.62055888841715,223,120.59033303308448,359,0.14878926663489594,337,5,26,2,16,2-16,0.3792118559320718,0.38475987203130074,0.37520495541596194,0.3792118559320718,0.38475987203130074,0.37520495541596194,0.8785355323026169,0.8301410883342153,105.03686417089014,109.10961838088835,105.03686417089014,109.10961838088835,104.06075740457256,120.20098151124155,110.72794621286683,114.29278601128617,0.40989420143403055,2,-0.16656529849756277,1306.0,1447.0,1212.1750000000002,1.0774021902778064,1.1937220285849814,0,0.1111111111111111,-21.148600749299895,358,364,66.29465232704608
338,Morgan St.,MEAC,14-18,100.54200920247834,286,117.01352398118289,350,0.14871571926801563,338,14,18,7,7,7-7,0.27378142076240114,0.3066712573707578,0.229694399972908,0.27378142076240114,0.3066712573707578,0.229694399972908,0.9129200428578831,0.8687873489967474,102.18846871756925,110.76222007821578,102.18846871756925,110.76222007821578,102.68493873864493,118.19374988305883,104.22149094420331,129.42662181332406,0.07650205347419539,2,-0.006023071607821617,1117.0,1128.0,1019.7124999999999,1.0954067935815244,1.106194147860304,0,0.5,-14.471102089024455,284,194,70.417048518543
339,North Carolina A&T,CAA,7-25,96.56084022467185,336,112.62362355052477,303,0.1455921440898854,339,7,25,3,15,3-15,0.4030911683063475,0.4224450662127398,0.3910795309623569,0.4030911683063475,0.4224450662127398,0.3910795309623569,0.8850985031409112,0.8307268569571652,104.37748005488184,108.10714752897162,104.37748005488184,108.10714752897162,95.81905636291528,111.4170314844102,108.78534319479024,112.78629765526036,0.39762763666836126,2,-0.058234524359127404,1173.0,1326.0,1203.9,0.9743334163967107,1.1014203837528034,0,0.16666666666666666,-20.101227374601386,349,313,69.32058611689476
340,Wagner,NEC,14-16,93.13129716590001,359,109.05229210351882,235,0.1400472009948153,340,14,16,6,10,6-10,0.24344069270494065,0.2870197980861116,0.2063882930371831,0.24344069270494065,0.2870197980861116,0.2063882930371831,0.9235910458849308,0.8700030721633341,99.95301008053744,110.16529257389253,99.95301008053744,110.16529257389253,95.64821476388038,112.02168622995424,90.39377331794672,91.45193550341173,0.4665901660447469,1,0.006089560446340292,971.0,1025.0,979.5124999999999,0.9913094524061715,1.0464389173185642,0,0.375,-13.058836069830607,258,160,60.142240468256595
341,Western Carolina,SC,8-22,95.61339827808325,342,112.39282586918607,298,0.1347727439889235,341,8,22,4,14,4-14,0.41422983984469164,0.4222811874527579,0.4174946737498079,0.41422983984469164,0.4222811874527579,0.4174946737498079,0.8602306308787995,0.7783706428890191,106.18019008078521,107.8889910181177,106.18019008078521,107.8889910181177,96.85165647412528,114.64881060961856,80.90570854141393,98.5012009074727,0.09423228056641213,2,-0.0393369784862766,1254.0,1466.0,1282.9499999999998,0.9774348181924473,1.1426789820335945,0,0.2222222222222222,-16.644630770677228,320,281,70.45514232100678
342,Western Illinois,OVC,12-19,99.30744807970504,302,116.80627725844488,348,0.13395804004912365,342,12,19,6,14,6-14,0.284229916742009,0.3078547513206692,0.27123625772374577,0.284229916742009,0.3078547513206692,0.27123625772374577,0.9390619393366026,0.9143520947272332,101.0625078145588,109.0881169222182,101.0625078145588,109.0881169222182,99.37341999329433,117.17732829697596,0,0,0,0,0.015863259452048417,1344.0,1452.0,1325.2250000000001,1.014167405534909,1.0956630006225356,0,0.3,-16.316805672625982,316,137,64.42796203436069
343,West Georgia,ASun,6-25,97.20638798326644,332,114.55172269527404,323,0.13145152909807925,343,6,25,4,14,4-14,0.41771705600748105,0.4771472327038163,0.37479526172679456,0.41771705600748105,0.4771472327038163,0.37479526172679456,0.8857872026829327,0.8475992897906746,105.94892158153479,109.1647597260671,105.94892158153479,109.1647597260671,97.27242578654929,114.80490365219734,96.75400739810831,109.71893893818675,0.19059821552995826,1,-0.050888493591649236,1244.0,1417.0,1239.7625,1.0034179933656648,1.1429608493562275,0,0.2222222222222222,-20.217205807801044,351,301,68.08695430879278
344,Louisiana Monroe,SB,7-25,96.70257690631783,333,114.34770950331041,320,0.1270337440339943,344,7,25,3,15,3-15,0.3869961806919827,0.3479397759213422,0.4249642749070465,0.3869961806919827,0.3479397759213422,0.4249642749070465,0.9053019404273793,0.9087630601845296,104.00384544617292,107.98175001678273,104.00384544617292,107.98175001678273,98.18222696462607,115.99779698995951,0,0,0,0,-0.059460795842277814,1192.0,1411.0,1222.875,0.9747521210262701,1.153838290912808,0,0.16666666666666666,-20.81155241420023,354,314,67.75068091136525
345,Buffalo,MAC,9-22,95.6369848551034,341,113.20443138146047,309,0.12572362522091057,345,9,22,4,14,4-14,0.4008110623100486,0.42071230132308024,0.3864379452450814,0.4008110623100486,0.42071230132308024,0.3864379452450814,0.884811383073671,0.8375503147302541,105.81066984377901,108.72929366612223,105.81066984377901,108.72929366612223,95.85675054845962,113.51991352136434,81.33770234535199,129.1674430058766,0.0048749961032004616,1,0.025512894836419386,1270.0,1455.0,1287.6875000000002,0.9862641362908312,1.129932534096976,0,0.2222222222222222,-17.261785598993956,328,115,70.63891256473879
346,Detroit Mercy,Horz,8-24,94.71874422504918,351,112.4291066735407,299,0.12225727527734481,346,8,24,4,16,4-16,0.41129191565921686,0.45906903569590546,0.38591966230011476,0.41129191565921686,0.45906903569590546,0.38591966230011476,0.885632312365922,0.8185303347461744,106.17463550033489,109.16457102934218,106.17463550033489,109.16457102934218,94.43712088577296,112.17375950142048,91.29276990360749,95.58166485867253,0.37099320745328374,1,0.025848421641525204,1316.0,1509.0,1354.6375000000003,0.9714776093235273,1.1139511492927072,0,0.2,-19.140562403822,338,114,67.05137290092024
347,Northern Illinois,MAC,6-25,94.24757025721019,353,112.09083178367649,290,0.11984258457888614,347,6,25,2,16,2-16,0.3746609250432258,0.3539745222809821,0.3896011048159574,0.3746609250432258,0.3539745222809821,0.3896011048159574,0.9066924290599857,0.8953847774266449,105.35024589422135,108.9805169673381,105.35024589422135,108.9805169673381,95.86686109975709,112.33527357044458,0,0,0,0,-0.08926597099511974,1262.0,1424.0,1281.125,0.9850717143135915,1.1115230754219925,0,0.1111111111111111,-20.988240315814718,355,342,68.9216566536753
348,Le Moyne,NEC,9-23,102.76749383983031,239,122.26628065301841,362,0.11942145097431867,348,9,23,4,12,4-12,0.3165604033453858,0.4188995172258721,0.2090029852408562,0.3165604033453858,0.4188995172258721,0.2090029852408562,0.9112392824395061,0.8565154732638672,101.38578455362237,108.70631149449325,101.38578455362237,108.70631149449325,104.85535754140943,125.83356991528505,92.6905798851088,116.41401340835075,0.06781867150438832,1,-0.04823495400479394,1176.0,1273.0,1098.2875,1.0707578844337207,1.1590771997314002,0,0.25,-19.1871712007835,339,294,68.64476281586803
349,Sacramento St.,BSky,7-25,95.45910200672023,345,113.78130423394946,316,0.11720446413229237,349,7,25,3,15,3-15,0.3814555281577821,0.36192564533325416,0.40381779138195634,0.3814555281577821,0.36192564533325416,0.40381779138195634,0.9036385055500493,0.884838110998319,105.4820785825209,108.62804376424391,105.4820785825209,108.62804376424391,95.47713931761785,113.96173022106505,94.81445864298944,96.05057980874352,0.46282880119762465,1,-0.050759636325037716,1161.0,1327.0,1179.3875,0.9844092802408029,1.1251603056671364,0,0.16666666666666666,-20.792978746003097,353,299,65.40121352696488
350,New Orleans,Slnd,4-27,98.95482540617108,309,117.9797734115742,354,0.11688423951038575,350,4,27,2,18,2-18,0.5017077179071101,0.6696834478966145,0.4093210664128827,0.5017077179071101,0.6696834478966145,0.4093210664128827,0.8220706128639768,0.6772439628767338,106.24494487278263,105.62704223941572,106.24494487278263,105.62704223941572,99.90471132288103,119.58844556782128,101.90884910272867,118.61401381780269,0.14859639467228491,4,-0.0378784508142109,1383.0,1596.0,1374.45,1.0062206700862162,1.1611917494270434,0,0.1,-19.935931716819933,347,273,69.22987650102561
351,Central Arkansas,ASun,9-24,97.57323275114867,326,116.74318168422971,346,0.11276610179992451,351,9,24,4,14,4-14,0.40541168783264886,0.430862209123907,0.38511300086479516,0.40541168783264886,0.430862209123907,0.38511300086479516,0.8628142937155782,0.7979014140738367,105.90447797950179,109.1451736548691,105.90447797950179,109.1451736548691,98.14001823330756,117.86425281604352,114.93244073315313,135.21569047877028,0.1336508316400391,3,-0.000973700090419749,1242.0,1419.0,1217.3875,1.0202174738938916,1.165610785390847,0,0.2222222222222222,-18.18053076814315,333,180,66.34144831404254
352,Stetson,ASun,8-24,99.27457546085452,303,119.12420258781894,358,0.10946793589677944,352,8,24,6,12,6-12,0.3742491406728224,0.4119745581359076,0.36152984133119825,0.3742491406728224,0.4119745581359076,0.36152984133119825,0.8854871224131908,0.8283219686956779,105.60783610633179,109.74958001962743,105.60783610633179,109.74958001962743,101.3379543478135,118.70509853507426,91.31967863339028,100.40200321472362,0.2515462854845285,2,-0.024698557029600332,1288.0,1447.0,1226.2625,1.0503460719054851,1.180008358732327,0,0.3333333333333333,-19.300598185262494,340,239,67.63142554039959
353,NJIT,AE,6-25,94.13230293823712,354,113.66712833092005,314,0.10260685944606762,353,6,25,3,13,3-13,0.3211332217081828,0.3604805271815587,0.28424512282689285,0.3211332217081828,0.3604805271815587,0.28424512282689285,0.9191319679317966,0.8886295735620359,102.32728041641094,109.79274909817204,102.32728041641094,109.79274909817204,95.15740226458627,114.47442895528242,101.73982529309698,126.95100673032651,0.0727025596909778,1,-0.08025453979456043,1079.0,1208.0,1097.8,0.9828748405902715,1.1003825833485152,0,0.1875,-21.56603106798227,361,337,66.3247339960199
354,Cal St. Fullerton,BW,6-26,91.9212870495116,362,112.06508051453805,289,0.09290310994639625,354,6,26,1,19,1-19,0.4803078743250439,0.4843414878476546,0.4778877062114775,0.4803078743250439,0.4843414878476546,0.4778877062114775,0.8414883869598381,0.797259036673057,106.79404468133625,105.85761117171955,106.79404468133625,105.85761117171955,89.23348208893056,113.45988190717439,87.85718678396984,115.65967329051823,0.04062870990974307,2,0.00683686557926616,1255.0,1638.0,1425.9125,0.8801381571449861,1.148738088767719,0,0.05,-19.412069509399068,341,158,68.11450151623251
355,Canisius,MAAC,3-28,99.2130069790635,304,121.16100392614587,360,0.09126483098718076,355,3,28,3,17,3-17,0.3791494271519334,0.5571985265256898,0.2812224224963674,0.3791494271519334,0.5571985265256898,0.2812224224963674,0.8820087918222153,0.7565717698787829,102.85283738435125,107.16307307322025,102.85283738435125,107.16307307322025,97.91529099282454,119.48415127389885,79.80320021085578,116.49116530340943,0.012743657386542099,2,-0.09121415469152933,1312.0,1516.0,1324.4875,0.9905718249511604,1.1445936635868592,0,0.15,-23.355140575380165,364,343,66.20539430039855
356,New Hampshire,AE,8-24,93.94553863645379,355,115.17156521108362,332,0.08765272720949474,356,8,24,6,10,6-10,0.31923886386384487,0.3471023975214429,0.2861543730344953,0.31923886386384487,0.3471023975214429,0.2861543730344953,0.9176861193714001,0.8872487990875186,103.05964808885291,109.74471318165084,103.05964808885291,109.74471318165084,94.76260824541716,115.20328745138208,91.93167950368868,104.68510334558128,0.18332538334405593,1,-0.003201389702954749,1067.0,1203.0,1085.4625,0.9829911212962216,1.1082833354445685,0,0.375,-20.452688092687456,352,187,67.6554478176254
357,Prairie View A&M,SWAC,5-27,96.01362210407325,339,117.86229489812314,353,0.08644706728560352,357,5,27,4,14,4-14,0.37363157284074,0.6346741821406254,0.195945696783454,0.37363157284074,0.6346741821406254,0.195945696783454,0.8595646020367419,0.7012386493994326,102.40612600314984,108.65397196838893,102.40612600314984,108.65397196838893,93.21036723031368,117.56284906303807,123.54943162420533,117.14707899050383,0.6483804031113263,4,-0.110118775256555,1232.0,1343.0,1266.3125,0.9729036079166873,1.0605596959676225,0,0.2222222222222222,-21.316107398197786,359,355,70.33162421824822
358,Alabama A&M,SWAC,10-22,92.84921255345512,360,114.94603950610023,330,0.07906720471499147,358,10,22,6,12,6-12,0.27913848915228195,0.40333887126040574,0.19483467177486444,0.27913848915228195,0.40333887126040574,0.19483467177486444,0.9241525918616267,0.8605719371851072,100.72732558254799,110.99721036344091,100.72732558254799,110.99721036344091,93.41020268399325,113.98745238768171,80.38745078019177,109.95856357074592,0.026536905496335948,1,-0.03514216999718833,1295.0,1378.0,1326.6374999999998,0.9761521138969765,1.0387163034363194,0,0.3333333333333333,-18.7736968513192,335,268,70.76730910741713
359,Maryland Eastern Shore,MEAC,6-25,94.99455605408005,348,118.84097065014453,356,0.07072429778746288,359,6,25,2,12,2-12,0.3569187893267418,0.45393096146163,0.24104094837113285,0.3569187893267418,0.45393096146163,0.24104094837113285,0.8533489277588678,0.7585566305168109,104.95340396576438,108.423768496988,104.95340396576438,108.423768496988,92.45927995768658,118.74723856204336,88.10789155733903,112.61215804559193,0.056149119561233314,5,-0.08872352040511478,908.0,1045.0,930.8624999999998,0.9754394446011093,1.12261477930414,0,0.14285714285714285,-19.43825810632885,342,341,66.09874653841219
360,The Citadel,SC,5-25,93.81660702475482,356,117.48154802994064,352,0.06999259807489165,360,5,25,0,18,0-18,0.3451592706725574,0.22833451789891673,0.42483577907179426,0.3451592706725574,0.22833451789891673,0.42483577907179426,0.9130653446972833,0.9231820129209659,104.59253538968377,109.17852756643578,104.59253538968377,109.17852756643578,94.13531711644598,118.06117858328753,92.73420918593189,136.4809848493826,0.011610689945941341,1,-0.10733502750565108,1126.0,1383.0,1183.4750000000001,0.9514353915376327,1.168592492448087,0,0.0,-21.451293306216318,360,354,64.55373563253676
361,Chicago St.,NEC,4-28,92.57833169063474,361,116.20025854639474,343,0.06827529048255049,361,4,28,4,12,4-12,0.4190394263052155,0.6426644438409194,0.21553519028915274,0.4190394263052155,0.6426644438409194,0.21553519028915274,0.8465969068036043,0.7153130301617775,104.28801833402972,107.35417089786466,104.28801833402972,107.35417089786466,93.25769504647423,116.79347246563887,77.97481201661867,110.91746571752277,0.01708022754618747,4,-0.027691983234503198,1045.0,1171.0,1076.2375,0.9709752726512504,1.0880498031336021,0,0.25,-21.80879090563645,362,246,68.58017739048532
362,Coppin St.,MEAC,6-24,87.9322718154339,363,112.51932902798853,300,0.05543996003431769,362,6,24,4,10,4-10,0.3847439740624203,0.5126219817717019,0.24328717538150318,0.3847439740624203,0.5126219817717019,0.24328717538150318,0.8737400734780577,0.7937133465782567,104.57710782261695,109.61484805071875,104.57710782261695,109.61484805071875,88.90063208468224,113.77959073738751,0,0,0,0,0.021814429226565707,942.0,1077.0,993.925,0.9477576275875946,1.0835827652991927,0,0.2857142857142857,-19.00498388548608,336,124,68.00418391245125
363,Arkansas Pine Bluff,SWAC,6-25,95.09663190961396,347,121.80263289290215,361,0.05487046233817611,363,6,25,3,15,3-15,0.31605320976253864,0.49438675542538335,0.18725676011715084,0.31605320976253864,0.49438675542538335,0.18725676011715084,0.8687902558605267,0.7282769205927477,101.15890433123455,109.1012182151195,101.15890433123455,109.1012182151195,93.9718174304721,120.72688994826136,96.23466888084656,129.52377856889126,0.03178805962547245,5,-0.07247093335862276,1271.0,1394.0,1290.6,0.9848132651479933,1.0801177746784443,0,0.16666666666666666,-20.06958817048644,348,330,71.64539711079232
364,Mississippi Valley St.,SWAC,3-28,82.92062802505872,364,125.30282207032053,364,0.00859647409668282,364,3,28,1,17,1-17,0.39953532348046816,0.6860799850899777,0.1925864012069334,0.39953532348046816,0.6860799850899777,0.1925864012069334,0.8129099563976666,0.5960122818670844,104.04671210412316,106.89545911194823,104.04671210412316,106.89545911194823,83.30799424771882,125.22534893550818,88.4305644672645,112.49806033728666,0.05906360333891364,6,-0.0027206318532529278,1013.0,1392.0,1192.6125,0.8493957593099184,1.1671854856460082,0,0.05555555555555555,-21.02419247269984,357,182,64.84893003607796
